2026-04-22 09:55:51,665 - [INFO] - ======================================================================
2026-04-22 09:55:51,666 - [INFO] - 🚀 BatPack v2.0 - AI v2 Data Collection Engine
2026-04-22 09:55:51,666 - [INFO] - ======================================================================
2026-04-22 09:55:51,666 - [INFO] - [CONFIG] IFACE: auto-detect
2026-04-22 09:55:51,666 - [INFO] - [CONFIG] Output FIFOs: /home/tgf/Documents/DoAn_SDN/ai/zeek_stream.json + /home/tgf/Documents/DoAn_SDN/ai/zeek_stream_slowloris.json
2026-04-22 09:55:51,666 - [INFO] - [CONFIG] Batch size: 50, Interval: 1.0s
2026-04-22 09:55:51,666 - [INFO] - [IFACE] Auto-detected optimal: s6-eth1
2026-04-22 09:55:51,666 - [INFO] - [ENGINE] BatPack v2 engine initialized
2026-04-22 09:55:51,666 - [INFO] - [WAIT] No marker found, waiting for generator signal...
2026-04-22 09:55:52,666 - [INFO] - [WAIT] No marker found, waiting for generator signal...
2026-04-22 09:55:53,667 - [INFO] - [WAIT] No marker found, waiting for generator signal...
2026-04-22 09:55:54,667 - [INFO] - [WAIT] No marker found, waiting for generator signal...
2026-04-22 09:55:55,668 - [INFO] - [WAIT] No marker found, waiting for generator signal...
2026-04-22 09:55:56,668 - [INFO] - [WAIT] No marker found, waiting for generator signal...
2026-04-22 09:55:57,668 - [INFO] - [WAIT] No marker found, waiting for generator signal...
2026-04-22 09:55:58,669 - [INFO] - [WAIT] No marker found, waiting for generator signal...
2026-04-22 09:55:59,669 - [INFO] - [WAIT] No marker found, waiting for generator signal...
2026-04-22 09:56:00,669 - [INFO] - [WAIT] No marker found, waiting for generator signal...
2026-04-22 09:56:01,670 - [INFO] - [WAIT] No marker found, waiting for generator signal...
2026-04-22 09:56:02,670 - [INFO] - [WAIT] No marker found, waiting for generator signal...
2026-04-22 09:56:03,670 - [INFO] - [WAIT] No marker found, waiting for generator signal...
2026-04-22 09:56:04,670 - [INFO] - [WAIT] No marker found, waiting for generator signal...
2026-04-22 09:56:05,671 - [INFO] - [WAIT] No marker found, waiting for generator signal...
2026-04-22 09:56:06,671 - [INFO] - [WAIT] No marker found, waiting for generator signal...
2026-04-22 09:56:07,671 - [INFO] - [WAIT] No marker found, waiting for generator signal...
2026-04-22 09:56:08,672 - [INFO] - [WAIT] No marker found, waiting for generator signal...
2026-04-22 09:56:09,672 - [INFO] - [WAIT] No marker found, waiting for generator signal...
2026-04-22 09:56:10,672 - [INFO] - [WAIT] No marker found, waiting for generator signal...
2026-04-22 09:56:11,673 - [INFO] - [WAIT] No marker found, waiting for generator signal...
2026-04-22 09:56:12,673 - [INFO] - [WAIT] No marker found, waiting for generator signal...
2026-04-22 09:56:13,673 - [INFO] - [WAIT] No marker found, waiting for generator signal...
2026-04-22 09:56:14,674 - [INFO] - [WAIT] No marker found, waiting for generator signal...
2026-04-22 09:56:15,674 - [INFO] - [WAIT] No marker found, waiting for generator signal...
2026-04-22 09:56:16,674 - [INFO] - [WAIT] No marker found, waiting for generator signal...
2026-04-22 09:56:17,675 - [INFO] - [WAIT] No marker found, waiting for generator signal...
2026-04-22 09:56:18,675 - [INFO] - [WAIT] No marker found, waiting for generator signal...
2026-04-22 09:56:19,675 - [INFO] - [WAIT] No marker found, waiting for generator signal...
2026-04-22 09:56:20,675 - [INFO] - [WAIT] No marker found, waiting for generator signal...
2026-04-22 09:56:21,676 - [INFO] - [WAIT] No marker found, waiting for generator signal...
2026-04-22 09:56:22,676 - [INFO] - [WAIT] No marker found, waiting for generator signal...
2026-04-22 09:56:23,676 - [INFO] - [WAIT] No marker found, waiting for generator signal...
2026-04-22 09:56:24,677 - [INFO] - [WAIT] No marker found, waiting for generator signal...
2026-04-22 09:56:25,677 - [INFO] - [WAIT] No marker found, waiting for generator signal...
2026-04-22 09:56:26,677 - [INFO] - [WAIT] No marker found, waiting for generator signal...
2026-04-22 09:56:27,678 - [INFO] - [WAIT] No marker found, waiting for generator signal...
2026-04-22 09:56:28,678 - [INFO] - [WAIT] No marker found, waiting for generator signal...
2026-04-22 09:56:29,678 - [INFO] - [WAIT] No marker found, waiting for generator signal...
2026-04-22 09:56:30,679 - [INFO] - [WAIT] No marker found, waiting for generator signal...
2026-04-22 09:56:31,679 - [INFO] - [WAIT] No marker found, waiting for generator signal...
2026-04-22 09:56:32,679 - [INFO] - [WAIT] No marker found, waiting for generator signal...
2026-04-22 09:56:33,680 - [INFO] - [WAIT] No marker found, waiting for generator signal...
2026-04-22 09:56:34,680 - [INFO] - [WAIT] No marker found, waiting for generator signal...
2026-04-22 09:56:35,681 - [INFO] - [WAIT] No marker found, waiting for generator signal...
2026-04-22 09:56:36,681 - [INFO] - [WAIT] No marker found, waiting for generator signal...
2026-04-22 09:56:37,681 - [INFO] - [WAIT] No marker found, waiting for generator signal...
2026-04-22 09:56:38,682 - [INFO] - [WAIT] No marker found, waiting for generator signal...
2026-04-22 09:56:39,682 - [INFO] - [WAIT] No marker found, waiting for generator signal...
2026-04-22 09:56:40,682 - [INFO] - [WAIT] No marker found, waiting for generator signal...
2026-04-22 09:56:41,685 - [INFO] - [WAIT] No marker found, waiting for generator signal...
2026-04-22 09:56:42,685 - [INFO] - [WAIT] No marker found, waiting for generator signal...
2026-04-22 09:56:43,686 - [INFO] - [WAIT] No marker found, waiting for generator signal...
2026-04-22 09:56:44,686 - [INFO] - [WAIT] No marker found, waiting for generator signal...
2026-04-22 09:56:45,688 - [INFO] - [WAIT] No marker found, waiting for generator signal...
2026-04-22 09:56:46,688 - [INFO] - [WAIT] No marker found, waiting for generator signal...
2026-04-22 09:56:47,689 - [INFO] - [WAIT] No marker found, waiting for generator signal...
2026-04-22 09:56:48,689 - [INFO] - [WAIT] No marker found, waiting for generator signal...
2026-04-22 09:56:49,689 - [INFO] - [WAIT] No marker found, waiting for generator signal...
2026-04-22 09:56:50,690 - [INFO] - [WAIT] No marker found, waiting for generator signal...
2026-04-22 09:56:51,690 - [INFO] - [WAIT] No marker found, waiting for generator signal...
2026-04-22 09:56:52,690 - [INFO] - [WAIT] No marker found, waiting for generator signal...
2026-04-22 09:56:53,691 - [INFO] - [WAIT] No marker found, waiting for generator signal...
2026-04-22 09:56:54,691 - [INFO] - [WAIT] No marker found, waiting for generator signal...
2026-04-22 09:56:55,691 - [INFO] - [WAIT] No marker found, waiting for generator signal...
2026-04-22 09:56:56,692 - [INFO] - [WAIT] No marker found, waiting for generator signal...
2026-04-22 09:56:57,692 - [INFO] - [WAIT] No marker found, waiting for generator signal...
2026-04-22 09:56:58,692 - [INFO] - [WAIT] No marker found, waiting for generator signal...
2026-04-22 09:56:59,693 - [INFO] - [WAIT] No marker found, waiting for generator signal...
2026-04-22 09:57:00,693 - [INFO] - [WAIT] No marker found, waiting for generator signal...
2026-04-22 09:57:01,693 - [INFO] - [WAIT] No marker found, waiting for generator signal...
2026-04-22 09:57:02,694 - [INFO] - [WAIT] No marker found, waiting for generator signal...
2026-04-22 09:57:03,694 - [INFO] - [WAIT] No marker found, waiting for generator signal...
2026-04-22 09:57:04,695 - [INFO] - [WAIT] No marker found, waiting for generator signal...
2026-04-22 09:57:05,695 - [INFO] - [WAIT] No marker found, waiting for generator signal...
2026-04-22 09:57:06,695 - [INFO] - [WAIT] No marker found, waiting for generator signal...
2026-04-22 09:57:07,696 - [INFO] - [WAIT] No marker found, waiting for generator signal...
2026-04-22 09:57:08,696 - [INFO] - [WAIT] No marker found, waiting for generator signal...
2026-04-22 09:57:09,696 - [INFO] - [WAIT] No marker found, waiting for generator signal...
2026-04-22 09:57:10,696 - [INFO] - [WAIT] No marker found, waiting for generator signal...
2026-04-22 09:57:11,697 - [INFO] - [WAIT] No marker found, waiting for generator signal...
2026-04-22 09:57:12,697 - [INFO] - [WAIT] No marker found, waiting for generator signal...
2026-04-22 09:57:13,698 - [INFO] - [WAIT] No marker found, waiting for generator signal...
2026-04-22 09:57:14,698 - [INFO] - [WAIT] No marker found, waiting for generator signal...
2026-04-22 09:57:15,698 - [INFO] - [WAIT] No marker found, waiting for generator signal...
2026-04-22 09:57:16,698 - [INFO] - [WAIT] No marker found, waiting for generator signal...
2026-04-22 09:57:17,699 - [INFO] - [WAIT] No marker found, waiting for generator signal...
2026-04-22 09:57:18,699 - [INFO] - [WAIT] No marker found, waiting for generator signal...
2026-04-22 09:57:19,699 - [INFO] - [WAIT] No marker found, waiting for generator signal...
2026-04-22 09:57:20,700 - [INFO] - [WAIT] No marker found, waiting for generator signal...
2026-04-22 09:57:21,700 - [INFO] - [WAIT] No marker found, waiting for generator signal...
2026-04-22 09:57:22,700 - [INFO] - [WAIT] No marker found, waiting for generator signal...
2026-04-22 09:57:23,701 - [INFO] - [WAIT] No marker found, waiting for generator signal...
2026-04-22 09:57:24,701 - [INFO] - [WAIT] No marker found, waiting for generator signal...
2026-04-22 09:57:25,701 - [INFO] - [WAIT] No marker found, waiting for generator signal...
2026-04-22 09:57:26,702 - [INFO] - [WAIT] No marker found, waiting for generator signal...
2026-04-22 09:57:27,702 - [INFO] - [WAIT] No marker found, waiting for generator signal...
2026-04-22 09:57:28,702 - [INFO] - [WAIT] No marker found, waiting for generator signal...
2026-04-22 09:57:29,703 - [INFO] - [WAIT] No marker found, waiting for generator signal...
2026-04-22 09:57:30,703 - [INFO] - [WAIT] No marker found, waiting for generator signal...
2026-04-22 09:57:31,704 - [INFO] - [WAIT] No marker found, waiting for generator signal...
2026-04-22 09:57:32,704 - [INFO] - [WAIT] No marker found, waiting for generator signal...
2026-04-22 09:57:33,704 - [INFO] - [WAIT] No marker found, waiting for generator signal...
2026-04-22 09:57:34,705 - [INFO] - [WAIT] No marker found, waiting for generator signal...
2026-04-22 09:57:35,707 - [INFO] - [WAIT] No marker found, waiting for generator signal...
2026-04-22 09:57:36,707 - [INFO] - [WAIT] No marker found, waiting for generator signal...
2026-04-22 09:57:37,708 - [INFO] - [WAIT] No marker found, waiting for generator signal...
2026-04-22 09:57:38,708 - [INFO] - [WAIT] No marker found, waiting for generator signal...
2026-04-22 09:57:39,708 - [INFO] - [WAIT] No marker found, waiting for generator signal...
2026-04-22 09:57:40,709 - [INFO] - [WAIT] No marker found, waiting for generator signal...
2026-04-22 09:57:41,709 - [INFO] - [WAIT] No marker found, waiting for generator signal...
2026-04-22 09:57:42,709 - [INFO] - [WAIT] No marker found, waiting for generator signal...
2026-04-22 09:57:43,710 - [INFO] - [WAIT] No marker found, waiting for generator signal...
2026-04-22 09:57:44,710 - [INFO] - [WAIT] No marker found, waiting for generator signal...
2026-04-22 09:57:45,710 - [INFO] - [WAIT] No marker found, waiting for generator signal...
2026-04-22 09:57:46,711 - [INFO] - [WAIT] No marker found, waiting for generator signal...
2026-04-22 09:57:47,711 - [INFO] - [WAIT] No marker found, waiting for generator signal...
2026-04-22 09:57:48,711 - [INFO] - [WAIT] No marker found, waiting for generator signal...
2026-04-22 09:57:49,712 - [INFO] - [WAIT] No marker found, waiting for generator signal...
2026-04-22 09:57:50,712 - [INFO] - [WAIT] No marker found, waiting for generator signal...
2026-04-22 09:57:51,712 - [INFO] - [WAIT] No marker found, waiting for generator signal...
2026-04-22 09:57:52,713 - [INFO] - [WAIT] No marker found, waiting for generator signal...
2026-04-22 09:57:53,713 - [INFO] - [WAIT] No marker found, waiting for generator signal...
2026-04-22 09:57:54,713 - [INFO] - [WAIT] No marker found, waiting for generator signal...
2026-04-22 09:57:55,714 - [INFO] - [WAIT] No marker found, waiting for generator signal...
2026-04-22 09:57:56,714 - [INFO] - [WAIT] No marker found, waiting for generator signal...
2026-04-22 09:57:57,714 - [INFO] - [WAIT] No marker found, waiting for generator signal...
2026-04-22 09:57:58,714 - [INFO] - [WAIT] No marker found, waiting for generator signal...
2026-04-22 09:57:59,715 - [INFO] - [WAIT] No marker found, waiting for generator signal...
2026-04-22 09:58:00,715 - [INFO] - [WAIT] No marker found, waiting for generator signal...
2026-04-22 09:58:01,715 - [INFO] - [WAIT] No marker found, waiting for generator signal...
2026-04-22 09:58:02,716 - [INFO] - [WAIT] No marker found, waiting for generator signal...
2026-04-22 09:58:03,716 - [INFO] - [WAIT] No marker found, waiting for generator signal...
2026-04-22 09:58:04,716 - [INFO] - [WAIT] No marker found, waiting for generator signal...
2026-04-22 09:58:05,717 - [INFO] - [WAIT] No marker found, waiting for generator signal...
2026-04-22 09:58:06,717 - [INFO] - [WAIT] No marker found, waiting for generator signal...
2026-04-22 09:58:07,717 - [INFO] - [WAIT] No marker found, waiting for generator signal...
2026-04-22 09:58:08,718 - [INFO] - [WAIT] No marker found, waiting for generator signal...
2026-04-22 09:58:09,718 - [INFO] - [WAIT] No marker found, waiting for generator signal...
2026-04-22 09:58:10,718 - [INFO] - [WAIT] No marker found, waiting for generator signal...
2026-04-22 09:58:11,719 - [INFO] - [WAIT] No marker found, waiting for generator signal...
2026-04-22 09:58:12,719 - [INFO] - [WAIT] No marker found, waiting for generator signal...
2026-04-22 09:58:13,719 - [INFO] - [WAIT] No marker found, waiting for generator signal...
2026-04-22 09:58:14,719 - [INFO] - [WAIT] No marker found, waiting for generator signal...
2026-04-22 09:58:15,720 - [INFO] - [WAIT] No marker found, waiting for generator signal...
2026-04-22 09:58:16,720 - [INFO] - [WAIT] No marker found, waiting for generator signal...
2026-04-22 09:58:17,720 - [INFO] - [WAIT] No marker found, waiting for generator signal...
2026-04-22 09:58:18,721 - [INFO] - [WAIT] No marker found, waiting for generator signal...
2026-04-22 09:58:19,721 - [INFO] - [WAIT] No marker found, waiting for generator signal...
2026-04-22 09:58:20,721 - [INFO] - [WAIT] No marker found, waiting for generator signal...
2026-04-22 09:58:21,722 - [INFO] - [WAIT] No marker found, waiting for generator signal...
2026-04-22 09:58:22,722 - [INFO] - [WAIT] No marker found, waiting for generator signal...
2026-04-22 09:58:23,725 - [INFO] - [WAIT] No marker found, waiting for generator signal...
2026-04-22 09:58:24,725 - [INFO] - [WAIT] No marker found, waiting for generator signal...
2026-04-22 09:58:25,725 - [INFO] - [WAIT] No marker found, waiting for generator signal...
2026-04-22 09:58:26,726 - [INFO] - [WAIT] No marker found, waiting for generator signal...
2026-04-22 09:58:27,726 - [INFO] - [WAIT] No marker found, waiting for generator signal...
2026-04-22 09:58:28,726 - [INFO] - [WAIT] No marker found, waiting for generator signal...
2026-04-22 09:58:29,727 - [INFO] - [WAIT] No marker found, waiting for generator signal...
2026-04-22 09:58:30,727 - [INFO] - [WAIT] No marker found, waiting for generator signal...
2026-04-22 09:58:31,727 - [INFO] - [WAIT] No marker found, waiting for generator signal...
2026-04-22 09:58:32,728 - [INFO] - [WAIT] No marker found, waiting for generator signal...
2026-04-22 09:58:33,728 - [INFO] - [WAIT] No marker found, waiting for generator signal...
2026-04-22 09:58:34,728 - [INFO] - [WAIT] No marker found, waiting for generator signal...
2026-04-22 09:58:35,729 - [INFO] - [WAIT] No marker found, waiting for generator signal...
2026-04-22 09:58:36,729 - [INFO] - [WAIT] No marker found, waiting for generator signal...
2026-04-22 09:58:37,729 - [INFO] - [WAIT] No marker found, waiting for generator signal...
2026-04-22 09:58:38,730 - [INFO] - [WAIT] No marker found, waiting for generator signal...
2026-04-22 09:58:39,730 - [INFO] - [WAIT] No marker found, waiting for generator signal...
2026-04-22 09:58:40,730 - [INFO] - [WAIT] No marker found, waiting for generator signal...
2026-04-22 09:58:41,731 - [INFO] - [WAIT] No marker found, waiting for generator signal...
2026-04-22 09:58:42,731 - [INFO] - [WAIT] No marker found, waiting for generator signal...
2026-04-22 09:58:43,732 - [INFO] - [WAIT] No marker found, waiting for generator signal...
2026-04-22 09:58:44,732 - [INFO] - [WAIT] No marker found, waiting for generator signal...
2026-04-22 09:58:45,732 - [INFO] - [WAIT] No marker found, waiting for generator signal...
2026-04-22 09:58:46,732 - [INFO] - [WAIT] No marker found, waiting for generator signal...
2026-04-22 09:58:47,733 - [INFO] - [WAIT] No marker found, waiting for generator signal...
2026-04-22 09:58:48,733 - [INFO] - [WAIT] No marker found, waiting for generator signal...
2026-04-22 09:58:49,733 - [INFO] - [WAIT] No marker found, waiting for generator signal...
2026-04-22 09:58:50,734 - [INFO] - [WAIT] No marker found, waiting for generator signal...
2026-04-22 09:58:51,734 - [INFO] - [WAIT] No marker found, waiting for generator signal...
2026-04-22 09:58:52,734 - [INFO] - [WAIT] No marker found, waiting for generator signal...
2026-04-22 09:58:53,735 - [INFO] - [WAIT] No marker found, waiting for generator signal...
2026-04-22 09:58:54,735 - [INFO] - [WAIT] No marker found, waiting for generator signal...
2026-04-22 09:58:55,735 - [INFO] - [WAIT] No marker found, waiting for generator signal...
2026-04-22 09:58:56,736 - [INFO] - [WAIT] No marker found, waiting for generator signal...
2026-04-22 09:58:57,736 - [INFO] - [WAIT] No marker found, waiting for generator signal...
2026-04-22 09:58:58,736 - [INFO] - [WAIT] No marker found, waiting for generator signal...
2026-04-22 09:58:59,736 - [INFO] - [WAIT] No marker found, waiting for generator signal...
2026-04-22 09:59:00,737 - [INFO] - [WAIT] No marker found, waiting for generator signal...
2026-04-22 09:59:01,737 - [INFO] - [WAIT] No marker found, waiting for generator signal...
2026-04-22 09:59:02,737 - [INFO] - [WAIT] No marker found, waiting for generator signal...
2026-04-22 09:59:03,738 - [INFO] - [WAIT] No marker found, waiting for generator signal...
2026-04-22 09:59:04,738 - [INFO] - [WAIT] No marker found, waiting for generator signal...
2026-04-22 09:59:05,738 - [INFO] - [WAIT] No marker found, waiting for generator signal...
2026-04-22 09:59:06,739 - [INFO] - [WAIT] No marker found, waiting for generator signal...
2026-04-22 09:59:07,739 - [INFO] - [WAIT] No marker found, waiting for generator signal...
2026-04-22 09:59:08,739 - [INFO] - [WAIT] No marker found, waiting for generator signal...
2026-04-22 09:59:09,740 - [INFO] - [WAIT] No marker found, waiting for generator signal...
2026-04-22 09:59:10,740 - [INFO] - [WAIT] No marker found, waiting for generator signal...
2026-04-22 09:59:11,740 - [INFO] - [WAIT] No marker found, waiting for generator signal...
2026-04-22 09:59:12,741 - [INFO] - [WAIT] No marker found, waiting for generator signal...
2026-04-22 09:59:13,741 - [INFO] - [WAIT] No marker found, waiting for generator signal...
2026-04-22 09:59:14,741 - [INFO] - [WAIT] No marker found, waiting for generator signal...
2026-04-22 09:59:15,742 - [INFO] - [WAIT] No marker found, waiting for generator signal...
2026-04-22 09:59:16,742 - [INFO] - [WAIT] No marker found, waiting for generator signal...
2026-04-22 09:59:17,742 - [INFO] - [WAIT] No marker found, waiting for generator signal...
2026-04-22 09:59:18,743 - [INFO] - [WAIT] No marker found, waiting for generator signal...
2026-04-22 09:59:19,743 - [INFO] - [WAIT] No marker found, waiting for generator signal...
2026-04-22 09:59:20,743 - [INFO] - [WAIT] No marker found, waiting for generator signal...
2026-04-22 09:59:21,744 - [INFO] - [WAIT] No marker found, waiting for generator signal...
2026-04-22 09:59:22,744 - [INFO] - [WAIT] No marker found, waiting for generator signal...
2026-04-22 09:59:23,744 - [INFO] - [WAIT] No marker found, waiting for generator signal...
2026-04-22 09:59:24,745 - [INFO] - [WAIT] No marker found, waiting for generator signal...
2026-04-22 09:59:25,745 - [INFO] - [WAIT] No marker found, waiting for generator signal...
2026-04-22 09:59:26,746 - [INFO] - [WAIT] No marker found, waiting for generator signal...
2026-04-22 09:59:27,746 - [INFO] - [WAIT] No marker found, waiting for generator signal...
2026-04-22 09:59:28,746 - [INFO] - [WAIT] No marker found, waiting for generator signal...
2026-04-22 09:59:29,747 - [INFO] - [WAIT] No marker found, waiting for generator signal...
2026-04-22 09:59:30,747 - [INFO] - [WAIT] No marker found, waiting for generator signal...
2026-04-22 09:59:31,747 - [INFO] - [WAIT] No marker found, waiting for generator signal...
2026-04-22 09:59:32,747 - [INFO] - [WAIT] No marker found, waiting for generator signal...
2026-04-22 09:59:33,748 - [INFO] - [WAIT] No marker found, waiting for generator signal...
2026-04-22 09:59:34,748 - [INFO] - [WAIT] No marker found, waiting for generator signal...
2026-04-22 09:59:35,748 - [INFO] - [WAIT] No marker found, waiting for generator signal...
2026-04-22 09:59:36,749 - [INFO] - [WAIT] No marker found, waiting for generator signal...
2026-04-22 09:59:37,749 - [INFO] - [WAIT] No marker found, waiting for generator signal...
2026-04-22 09:59:38,749 - [INFO] - [WAIT] No marker found, waiting for generator signal...
2026-04-22 09:59:39,750 - [INFO] - [WAIT] No marker found, waiting for generator signal...
2026-04-22 09:59:40,750 - [INFO] - [WAIT] No marker found, waiting for generator signal...
2026-04-22 09:59:41,750 - [INFO] - [WAIT] No marker found, waiting for generator signal...
2026-04-22 09:59:42,751 - [INFO] - [WAIT] No marker found, waiting for generator signal...
2026-04-22 09:59:43,751 - [INFO] - [WAIT] No marker found, waiting for generator signal...
2026-04-22 09:59:44,751 - [INFO] - [WAIT] No marker found, waiting for generator signal...
2026-04-22 09:59:45,751 - [INFO] - [WAIT] No marker found, waiting for generator signal...
2026-04-22 09:59:46,752 - [INFO] - [WAIT] No marker found, waiting for generator signal...
2026-04-22 09:59:47,752 - [INFO] - [WAIT] No marker found, waiting for generator signal...
2026-04-22 09:59:48,752 - [INFO] - [WAIT] No marker found, waiting for generator signal...
2026-04-22 09:59:49,753 - [INFO] - [WAIT] No marker found, waiting for generator signal...
2026-04-22 09:59:50,753 - [INFO] - [WAIT] No marker found, waiting for generator signal...
2026-04-22 09:59:51,753 - [INFO] - [WAIT] No marker found, waiting for generator signal...
2026-04-22 09:59:52,754 - [INFO] - [WAIT] No marker found, waiting for generator signal...
2026-04-22 09:59:53,754 - [INFO] - [WAIT] No marker found, waiting for generator signal...
2026-04-22 09:59:54,754 - [INFO] - [WAIT] No marker found, waiting for generator signal...
2026-04-22 09:59:55,755 - [INFO] - [WAIT] No marker found, waiting for generator signal...
2026-04-22 09:59:56,755 - [INFO] - [WAIT] No marker found, waiting for generator signal...
2026-04-22 09:59:57,755 - [INFO] - [WAIT] No marker found, waiting for generator signal...
2026-04-22 09:59:58,756 - [INFO] - [WAIT] No marker found, waiting for generator signal...
2026-04-22 09:59:59,756 - [INFO] - [WAIT] No marker found, waiting for generator signal...
2026-04-22 10:00:00,756 - [INFO] - [WAIT] No marker found, waiting for generator signal...
2026-04-22 10:00:01,756 - [INFO] - [WAIT] No marker found, waiting for generator signal...
2026-04-22 10:00:02,757 - [INFO] - [WAIT] No marker found, waiting for generator signal...
2026-04-22 10:00:03,757 - [INFO] - [WAIT] No marker found, waiting for generator signal...
2026-04-22 10:00:04,758 - [INFO] - [WAIT] No marker found, waiting for generator signal...
2026-04-22 10:00:05,758 - [INFO] - [WAIT] No marker found, waiting for generator signal...
2026-04-22 10:00:06,758 - [INFO] - [WAIT] No marker found, waiting for generator signal...
2026-04-22 10:00:07,758 - [INFO] - [WAIT] No marker found, waiting for generator signal...
2026-04-22 10:00:08,759 - [INFO] - [WAIT] No marker found, waiting for generator signal...
2026-04-22 10:00:09,759 - [INFO] - [WAIT] No marker found, waiting for generator signal...
2026-04-22 10:00:10,759 - [INFO] - [WAIT] No marker found, waiting for generator signal...
2026-04-22 10:00:11,760 - [INFO] - [WAIT] No marker found, waiting for generator signal...
2026-04-22 10:00:12,760 - [INFO] - [WAIT] No marker found, waiting for generator signal...
2026-04-22 10:00:13,760 - [INFO] - [WAIT] No marker found, waiting for generator signal...
2026-04-22 10:00:14,761 - [INFO] - [WAIT] No marker found, waiting for generator signal...
2026-04-22 10:00:15,761 - [INFO] - [WAIT] No marker found, waiting for generator signal...
2026-04-22 10:00:16,761 - [INFO] - [WAIT] No marker found, waiting for generator signal...
2026-04-22 10:00:17,762 - [INFO] - [WAIT] No marker found, waiting for generator signal...
2026-04-22 10:00:18,762 - [INFO] - [WAIT] No marker found, waiting for generator signal...
2026-04-22 10:00:19,762 - [INFO] - [WAIT] No marker found, waiting for generator signal...
2026-04-22 10:00:20,763 - [INFO] - [WAIT] No marker found, waiting for generator signal...
2026-04-22 10:00:21,763 - [INFO] - [WAIT] No marker found, waiting for generator signal...
2026-04-22 10:00:22,763 - [INFO] - [WAIT] No marker found, waiting for generator signal...
2026-04-22 10:00:23,764 - [INFO] - [WAIT] No marker found, waiting for generator signal...
2026-04-22 10:00:24,764 - [INFO] - [WAIT] No marker found, waiting for generator signal...
2026-04-22 10:00:25,764 - [INFO] - [WAIT] No marker found, waiting for generator signal...
2026-04-22 10:00:26,765 - [INFO] - [WAIT] No marker found, waiting for generator signal...
2026-04-22 10:00:27,765 - [INFO] - [WAIT] No marker found, waiting for generator signal...
2026-04-22 10:00:28,765 - [INFO] - [WAIT] No marker found, waiting for generator signal...
2026-04-22 10:00:29,765 - [INFO] - [WAIT] No marker found, waiting for generator signal...
2026-04-22 10:00:30,766 - [INFO] - [WAIT] No marker found, waiting for generator signal...
2026-04-22 10:00:31,766 - [INFO] - [WAIT] No marker found, waiting for generator signal...
2026-04-22 10:00:32,766 - [INFO] - [WAIT] No marker found, waiting for generator signal...
2026-04-22 10:00:33,767 - [INFO] - [WAIT] No marker found, waiting for generator signal...
2026-04-22 10:00:34,767 - [INFO] - [WAIT] No marker found, waiting for generator signal...
2026-04-22 10:00:35,767 - [INFO] - [WAIT] No marker found, waiting for generator signal...
2026-04-22 10:00:36,768 - [INFO] - [WAIT] No marker found, waiting for generator signal...
2026-04-22 10:00:37,768 - [INFO] - [WAIT] No marker found, waiting for generator signal...
2026-04-22 10:00:38,768 - [INFO] - [WAIT] No marker found, waiting for generator signal...
2026-04-22 10:00:39,769 - [INFO] - [WAIT] No marker found, waiting for generator signal...
2026-04-22 10:00:40,769 - [INFO] - [WAIT] No marker found, waiting for generator signal...
2026-04-22 10:00:41,769 - [INFO] - [WAIT] No marker found, waiting for generator signal...
2026-04-22 10:00:42,770 - [INFO] - [WAIT] No marker found, waiting for generator signal...
2026-04-22 10:00:43,770 - [INFO] - [WAIT] No marker found, waiting for generator signal...
2026-04-22 10:00:44,770 - [INFO] - [WAIT] No marker found, waiting for generator signal...
2026-04-22 10:00:45,770 - [INFO] - [WAIT] No marker found, waiting for generator signal...
2026-04-22 10:00:46,771 - [INFO] - [WAIT] No marker found, waiting for generator signal...
2026-04-22 10:00:47,771 - [INFO] - [WAIT] No marker found, waiting for generator signal...
2026-04-22 10:00:48,771 - [INFO] - [WAIT] No marker found, waiting for generator signal...
2026-04-22 10:00:49,772 - [INFO] - [WAIT] No marker found, waiting for generator signal...
2026-04-22 10:00:50,772 - [INFO] - [WAIT] No marker found, waiting for generator signal...
2026-04-22 10:00:51,772 - [INFO] - [WAIT] No marker found, waiting for generator signal...
2026-04-22 10:00:52,773 - [INFO] - [WAIT] No marker found, waiting for generator signal...
2026-04-22 10:00:53,773 - [INFO] - [WAIT] No marker found, waiting for generator signal...
2026-04-22 10:00:54,773 - [INFO] - [WAIT] No marker found, waiting for generator signal...
2026-04-22 10:00:55,774 - [INFO] - [WAIT] No marker found, waiting for generator signal...
2026-04-22 10:00:56,774 - [INFO] - [WAIT] No marker found, waiting for generator signal...
2026-04-22 10:00:57,774 - [INFO] - [WAIT] No marker found, waiting for generator signal...
2026-04-22 10:00:58,774 - [INFO] - [WAIT] No marker found, waiting for generator signal...
2026-04-22 10:00:59,775 - [INFO] - [WAIT] No marker found, waiting for generator signal...
2026-04-22 10:01:00,775 - [INFO] - [WAIT] No marker found, waiting for generator signal...
2026-04-22 10:01:01,776 - [INFO] - [WAIT] No marker found, waiting for generator signal...
2026-04-22 10:01:02,776 - [INFO] - [WAIT] No marker found, waiting for generator signal...
2026-04-22 10:01:03,777 - [INFO] - [WAIT] No marker found, waiting for generator signal...
2026-04-22 10:01:04,777 - [INFO] - [WAIT] No marker found, waiting for generator signal...
2026-04-22 10:01:05,778 - [INFO] - [WAIT] No marker found, waiting for generator signal...
2026-04-22 10:01:06,778 - [INFO] - [WAIT] No marker found, waiting for generator signal...
2026-04-22 10:01:07,778 - [INFO] - [WAIT] No marker found, waiting for generator signal...
2026-04-22 10:01:08,779 - [INFO] - [WAIT] No marker found, waiting for generator signal...
2026-04-22 10:01:09,779 - [INFO] - [WAIT] No marker found, waiting for generator signal...
2026-04-22 10:01:10,779 - [INFO] - [WAIT] No marker found, waiting for generator signal...
2026-04-22 10:01:11,780 - [INFO] - [WAIT] No marker found, waiting for generator signal...
2026-04-22 10:01:12,781 - [INFO] - [WAIT] No marker found, waiting for generator signal...
2026-04-22 10:01:13,781 - [INFO] - [WAIT] No marker found, waiting for generator signal...
2026-04-22 10:01:14,781 - [INFO] - [WAIT] No marker found, waiting for generator signal...
2026-04-22 10:01:15,782 - [INFO] - [WAIT] No marker found, waiting for generator signal...
2026-04-22 10:01:16,782 - [INFO] - [WAIT] No marker found, waiting for generator signal...
2026-04-22 10:01:17,782 - [INFO] - [WAIT] No marker found, waiting for generator signal...
2026-04-22 10:01:18,783 - [INFO] - [WAIT] No marker found, waiting for generator signal...
2026-04-22 10:01:19,783 - [INFO] - [WAIT] No marker found, waiting for generator signal...
2026-04-22 10:01:20,783 - [INFO] - [WAIT] No marker found, waiting for generator signal...
2026-04-22 10:01:21,784 - [INFO] - [WAIT] No marker found, waiting for generator signal...
2026-04-22 10:01:22,784 - [INFO] - [WAIT] No marker found, waiting for generator signal...
2026-04-22 10:01:23,784 - [INFO] - [WAIT] No marker found, waiting for generator signal...
2026-04-22 10:01:24,784 - [INFO] - [WAIT] No marker found, waiting for generator signal...
2026-04-22 10:01:25,785 - [INFO] - [WAIT] No marker found, waiting for generator signal...
2026-04-22 10:01:26,785 - [INFO] - [WAIT] No marker found, waiting for generator signal...
2026-04-22 10:01:27,785 - [INFO] - [WAIT] No marker found, waiting for generator signal...
2026-04-22 10:01:28,786 - [INFO] - [WAIT] No marker found, waiting for generator signal...
2026-04-22 10:01:29,786 - [INFO] - [WAIT] No marker found, waiting for generator signal...
2026-04-22 10:01:30,786 - [INFO] - [WAIT] No marker found, waiting for generator signal...
2026-04-22 10:01:31,787 - [INFO] - [WAIT] No marker found, waiting for generator signal...
2026-04-22 10:01:32,787 - [INFO] - [WAIT] No marker found, waiting for generator signal...
2026-04-22 10:01:33,787 - [INFO] - [WAIT] No marker found, waiting for generator signal...
2026-04-22 10:01:34,788 - [INFO] - [WAIT] No marker found, waiting for generator signal...
2026-04-22 10:01:35,788 - [INFO] - [WAIT] No marker found, waiting for generator signal...
2026-04-22 10:01:36,788 - [INFO] - [WAIT] No marker found, waiting for generator signal...
2026-04-22 10:01:37,789 - [INFO] - [WAIT] No marker found, waiting for generator signal...
2026-04-22 10:01:38,789 - [INFO] - [WAIT] No marker found, waiting for generator signal...
2026-04-22 10:01:39,789 - [INFO] - [WAIT] No marker found, waiting for generator signal...
2026-04-22 10:01:40,789 - [INFO] - [WAIT] No marker found, waiting for generator signal...
2026-04-22 10:01:41,790 - [INFO] - [WAIT] No marker found, waiting for generator signal...
2026-04-22 10:01:42,790 - [INFO] - [WAIT] No marker found, waiting for generator signal...
2026-04-22 10:01:43,791 - [INFO] - [WAIT] No marker found, waiting for generator signal...
2026-04-22 10:01:44,791 - [INFO] - [WAIT] No marker found, waiting for generator signal...
2026-04-22 10:01:45,791 - [INFO] - [WAIT] No marker found, waiting for generator signal...
2026-04-22 10:01:46,791 - [INFO] - [WAIT] No marker found, waiting for generator signal...
2026-04-22 10:01:47,792 - [INFO] - [WAIT] No marker found, waiting for generator signal...
2026-04-22 10:01:48,792 - [INFO] - [WAIT] No marker found, waiting for generator signal...
2026-04-22 10:01:49,793 - [INFO] - [WAIT] No marker found, waiting for generator signal...
2026-04-22 10:01:50,793 - [INFO] - [WAIT] No marker found, waiting for generator signal...
2026-04-22 10:01:51,793 - [INFO] - [WAIT] No marker found, waiting for generator signal...
2026-04-22 10:01:52,794 - [INFO] - [WAIT] No marker found, waiting for generator signal...
2026-04-22 10:01:53,794 - [INFO] - [WAIT] No marker found, waiting for generator signal...
2026-04-22 10:01:54,794 - [INFO] - [WAIT] No marker found, waiting for generator signal...
2026-04-22 10:01:55,794 - [INFO] - [WAIT] No marker found, waiting for generator signal...
2026-04-22 10:01:56,795 - [INFO] - [WAIT] No marker found, waiting for generator signal...
2026-04-22 10:01:57,795 - [INFO] - [WAIT] No marker found, waiting for generator signal...
2026-04-22 10:01:58,795 - [INFO] - [WAIT] No marker found, waiting for generator signal...
2026-04-22 10:01:59,796 - [INFO] - [WAIT] No marker found, waiting for generator signal...
2026-04-22 10:02:00,796 - [INFO] - [WAIT] No marker found, waiting for generator signal...
2026-04-22 10:02:01,796 - [INFO] - [WAIT] No marker found, waiting for generator signal...
2026-04-22 10:02:02,797 - [INFO] - [WAIT] No marker found, waiting for generator signal...
2026-04-22 10:02:03,797 - [INFO] - [WAIT] No marker found, waiting for generator signal...
2026-04-22 10:02:04,797 - [INFO] - [WAIT] No marker found, waiting for generator signal...
2026-04-22 10:02:05,798 - [INFO] - [WAIT] No marker found, waiting for generator signal...
2026-04-22 10:02:06,798 - [INFO] - [WAIT] No marker found, waiting for generator signal...
2026-04-22 10:02:07,798 - [INFO] - [WAIT] No marker found, waiting for generator signal...
2026-04-22 10:02:08,799 - [INFO] - [WAIT] No marker found, waiting for generator signal...
2026-04-22 10:02:09,799 - [INFO] - [WAIT] No marker found, waiting for generator signal...
2026-04-22 10:02:10,799 - [INFO] - [WAIT] No marker found, waiting for generator signal...
2026-04-22 10:02:11,800 - [INFO] - [WAIT] No marker found, waiting for generator signal...
2026-04-22 10:02:12,800 - [INFO] - [WAIT] No marker found, waiting for generator signal...
2026-04-22 10:02:13,800 - [INFO] - [WAIT] No marker found, waiting for generator signal...
2026-04-22 10:02:14,801 - [INFO] - [WAIT] No marker found, waiting for generator signal...
2026-04-22 10:02:15,801 - [INFO] - [WAIT] No marker found, waiting for generator signal...
2026-04-22 10:02:16,801 - [INFO] - [WAIT] No marker found, waiting for generator signal...
2026-04-22 10:02:17,802 - [INFO] - [WAIT] No marker found, waiting for generator signal...
2026-04-22 10:02:18,802 - [INFO] - [WAIT] No marker found, waiting for generator signal...
2026-04-22 10:02:19,802 - [INFO] - [WAIT] No marker found, waiting for generator signal...
2026-04-22 10:02:20,803 - [INFO] - [WAIT] No marker found, waiting for generator signal...
2026-04-22 10:02:21,803 - [INFO] - [WAIT] No marker found, waiting for generator signal...
2026-04-22 10:02:22,803 - [INFO] - [WAIT] No marker found, waiting for generator signal...
2026-04-22 10:02:23,804 - [INFO] - [WAIT] No marker found, waiting for generator signal...
2026-04-22 10:02:24,804 - [INFO] - [WAIT] No marker found, waiting for generator signal...
2026-04-22 10:02:25,804 - [INFO] - [WAIT] No marker found, waiting for generator signal...
2026-04-22 10:02:26,805 - [INFO] - [WAIT] No marker found, waiting for generator signal...
2026-04-22 10:02:27,805 - [INFO] - [WAIT] No marker found, waiting for generator signal...
2026-04-22 10:02:28,805 - [INFO] - [WAIT] No marker found, waiting for generator signal...
2026-04-22 10:02:29,805 - [INFO] - [WAIT] No marker found, waiting for generator signal...
2026-04-22 10:02:30,806 - [INFO] - [WAIT] No marker found, waiting for generator signal...
2026-04-22 10:02:31,806 - [INFO] - [WAIT] No marker found, waiting for generator signal...
2026-04-22 10:02:32,806 - [INFO] - [WAIT] No marker found, waiting for generator signal...
2026-04-22 10:02:33,807 - [INFO] - [WAIT] No marker found, waiting for generator signal...
2026-04-22 10:02:34,807 - [INFO] - [WAIT] No marker found, waiting for generator signal...
2026-04-22 10:02:35,808 - [INFO] - [WAIT] No marker found, waiting for generator signal...
2026-04-22 10:02:36,808 - [INFO] - [WAIT] No marker found, waiting for generator signal...
2026-04-22 10:02:37,808 - [INFO] - [WAIT] No marker found, waiting for generator signal...
2026-04-22 10:02:38,808 - [INFO] - [WAIT] No marker found, waiting for generator signal...
2026-04-22 10:02:39,809 - [INFO] - [WAIT] No marker found, waiting for generator signal...
2026-04-22 10:02:40,809 - [INFO] - [WAIT] No marker found, waiting for generator signal...
2026-04-22 10:02:41,810 - [INFO] - [WAIT] No marker found, waiting for generator signal...
2026-04-22 10:02:42,810 - [INFO] - [WAIT] No marker found, waiting for generator signal...
2026-04-22 10:02:43,810 - [INFO] - [WAIT] No marker found, waiting for generator signal...
2026-04-22 10:02:44,811 - [INFO] - [WAIT] No marker found, waiting for generator signal...
2026-04-22 10:02:45,811 - [INFO] - [WAIT] No marker found, waiting for generator signal...
2026-04-22 10:02:46,811 - [INFO] - [WAIT] No marker found, waiting for generator signal...
2026-04-22 10:02:47,811 - [INFO] - [WAIT] No marker found, waiting for generator signal...
2026-04-22 10:02:48,812 - [INFO] - [WAIT] No marker found, waiting for generator signal...
2026-04-22 10:02:49,812 - [INFO] - [WAIT] No marker found, waiting for generator signal...
2026-04-22 10:02:50,812 - [INFO] - [WAIT] No marker found, waiting for generator signal...
2026-04-22 10:02:51,813 - [INFO] - [WAIT] No marker found, waiting for generator signal...
2026-04-22 10:02:52,813 - [INFO] - [WAIT] No marker found, waiting for generator signal...
2026-04-22 10:02:53,816 - [INFO] - [WAIT] No marker found, waiting for generator signal...
2026-04-22 10:02:54,816 - [INFO] - [WAIT] No marker found, waiting for generator signal...
2026-04-22 10:02:55,816 - [INFO] - [WAIT] No marker found, waiting for generator signal...
2026-04-22 10:02:56,816 - [INFO] - [WAIT] No marker found, waiting for generator signal...
2026-04-22 10:02:57,817 - [INFO] - [WAIT] No marker found, waiting for generator signal...
2026-04-22 10:02:58,817 - [INFO] - [WAIT] No marker found, waiting for generator signal...
2026-04-22 10:02:59,817 - [INFO] - [WAIT] No marker found, waiting for generator signal...
2026-04-22 10:03:00,818 - [INFO] - [WAIT] No marker found, waiting for generator signal...
2026-04-22 10:03:01,818 - [INFO] - [WAIT] No marker found, waiting for generator signal...
2026-04-22 10:03:02,818 - [INFO] - [WAIT] No marker found, waiting for generator signal...
2026-04-22 10:03:03,819 - [INFO] - [WAIT] No marker found, waiting for generator signal...
2026-04-22 10:03:04,819 - [INFO] - [WAIT] No marker found, waiting for generator signal...
2026-04-22 10:03:05,819 - [INFO] - [WAIT] No marker found, waiting for generator signal...
2026-04-22 10:03:06,820 - [INFO] - [WAIT] No marker found, waiting for generator signal...
2026-04-22 10:03:07,820 - [INFO] - [WAIT] No marker found, waiting for generator signal...
2026-04-22 10:03:08,820 - [INFO] - [WAIT] No marker found, waiting for generator signal...
2026-04-22 10:03:09,820 - [INFO] - [WAIT] No marker found, waiting for generator signal...
2026-04-22 10:03:10,821 - [INFO] - [WAIT] No marker found, waiting for generator signal...
2026-04-22 10:03:11,821 - [INFO] - [WAIT] No marker found, waiting for generator signal...
2026-04-22 10:03:12,821 - [INFO] - [WAIT] No marker found, waiting for generator signal...
2026-04-22 10:03:13,822 - [INFO] - [WAIT] No marker found, waiting for generator signal...
2026-04-22 10:03:14,822 - [INFO] - [WAIT] No marker found, waiting for generator signal...
2026-04-22 10:03:15,822 - [INFO] - [WAIT] No marker found, waiting for generator signal...
2026-04-22 10:03:16,823 - [INFO] - [WAIT] No marker found, waiting for generator signal...
2026-04-22 10:03:17,823 - [INFO] - [WAIT] No marker found, waiting for generator signal...
2026-04-22 10:03:18,823 - [INFO] - [WAIT] No marker found, waiting for generator signal...
2026-04-22 10:03:19,824 - [INFO] - [WAIT] No marker found, waiting for generator signal...
2026-04-22 10:03:20,824 - [INFO] - [WAIT] No marker found, waiting for generator signal...
2026-04-22 10:03:21,824 - [INFO] - [WAIT] No marker found, waiting for generator signal...
2026-04-22 10:03:22,825 - [INFO] - [WAIT] No marker found, waiting for generator signal...
2026-04-22 10:03:23,825 - [INFO] - [WAIT] No marker found, waiting for generator signal...
2026-04-22 10:03:24,825 - [INFO] - [WAIT] No marker found, waiting for generator signal...
2026-04-22 10:03:25,826 - [INFO] - [WAIT] No marker found, waiting for generator signal...
2026-04-22 10:03:26,826 - [INFO] - [WAIT] No marker found, waiting for generator signal...
2026-04-22 10:03:27,826 - [INFO] - [WAIT] No marker found, waiting for generator signal...
2026-04-22 10:03:28,827 - [INFO] - [WAIT] No marker found, waiting for generator signal...
2026-04-22 10:03:29,827 - [INFO] - [WAIT] No marker found, waiting for generator signal...
2026-04-22 10:03:30,827 - [INFO] - [WAIT] No marker found, waiting for generator signal...
2026-04-22 10:03:31,828 - [INFO] - [WAIT] No marker found, waiting for generator signal...
2026-04-22 10:03:32,828 - [INFO] - [WAIT] No marker found, waiting for generator signal...
2026-04-22 10:03:33,828 - [INFO] - [WAIT] No marker found, waiting for generator signal...
2026-04-22 10:03:34,829 - [INFO] - [WAIT] No marker found, waiting for generator signal...
2026-04-22 10:03:35,829 - [INFO] - [WAIT] No marker found, waiting for generator signal...
2026-04-22 10:03:36,829 - [INFO] - [WAIT] No marker found, waiting for generator signal...
2026-04-22 10:03:37,830 - [INFO] - [WAIT] No marker found, waiting for generator signal...
2026-04-22 10:03:38,830 - [INFO] - [WAIT] No marker found, waiting for generator signal...
2026-04-22 10:03:39,830 - [INFO] - [WAIT] No marker found, waiting for generator signal...
2026-04-22 10:03:40,830 - [INFO] - [WAIT] No marker found, waiting for generator signal...
2026-04-22 10:03:41,831 - [INFO] - [WAIT] No marker found, waiting for generator signal...
2026-04-22 10:03:42,831 - [INFO] - [WAIT] No marker found, waiting for generator signal...
2026-04-22 10:03:43,831 - [INFO] - [WAIT] No marker found, waiting for generator signal...
2026-04-22 10:03:44,832 - [INFO] - [WAIT] No marker found, waiting for generator signal...
2026-04-22 10:03:45,832 - [INFO] - [WAIT] No marker found, waiting for generator signal...
2026-04-22 10:03:46,832 - [INFO] - [WAIT] No marker found, waiting for generator signal...
2026-04-22 10:03:47,832 - [INFO] - [WAIT] No marker found, waiting for generator signal...
2026-04-22 10:03:48,833 - [INFO] - [WAIT] No marker found, waiting for generator signal...
2026-04-22 10:03:49,833 - [INFO] - [WAIT] No marker found, waiting for generator signal...
2026-04-22 10:03:50,833 - [INFO] - [WAIT] No marker found, waiting for generator signal...
2026-04-22 10:03:51,834 - [INFO] - [WAIT] No marker found, waiting for generator signal...
2026-04-22 10:03:52,834 - [INFO] - [WAIT] No marker found, waiting for generator signal...
2026-04-22 10:03:53,834 - [INFO] - [WAIT] No marker found, waiting for generator signal...
2026-04-22 10:03:54,835 - [INFO] - [WAIT] No marker found, waiting for generator signal...
2026-04-22 10:03:55,835 - [INFO] - [WAIT] No marker found, waiting for generator signal...
2026-04-22 10:03:56,835 - [INFO] - [WAIT] No marker found, waiting for generator signal...
2026-04-22 10:03:57,836 - [INFO] - [WAIT] No marker found, waiting for generator signal...
2026-04-22 10:03:58,836 - [INFO] - [WAIT] No marker found, waiting for generator signal...
2026-04-22 10:03:59,836 - [INFO] - [WAIT] No marker found, waiting for generator signal...
2026-04-22 10:04:00,837 - [INFO] - [WAIT] No marker found, waiting for generator signal...
2026-04-22 10:04:01,837 - [INFO] - [WAIT] No marker found, waiting for generator signal...
2026-04-22 10:04:02,837 - [INFO] - [WAIT] No marker found, waiting for generator signal...
2026-04-22 10:04:03,838 - [INFO] - [WAIT] No marker found, waiting for generator signal...
2026-04-22 10:04:04,838 - [INFO] - [WAIT] No marker found, waiting for generator signal...
2026-04-22 10:04:05,838 - [INFO] - [WAIT] No marker found, waiting for generator signal...
2026-04-22 10:04:06,839 - [INFO] - [WAIT] No marker found, waiting for generator signal...
2026-04-22 10:04:07,839 - [INFO] - [WAIT] No marker found, waiting for generator signal...
2026-04-22 10:04:08,839 - [INFO] - [WAIT] No marker found, waiting for generator signal...
2026-04-22 10:04:09,839 - [INFO] - [WAIT] No marker found, waiting for generator signal...
2026-04-22 10:04:10,840 - [INFO] - [WAIT] No marker found, waiting for generator signal...
2026-04-22 10:04:11,840 - [INFO] - [WAIT] No marker found, waiting for generator signal...
2026-04-22 10:04:12,840 - [INFO] - [WAIT] No marker found, waiting for generator signal...
2026-04-22 10:04:13,841 - [INFO] - [WAIT] No marker found, waiting for generator signal...
2026-04-22 10:04:14,841 - [INFO] - [WAIT] No marker found, waiting for generator signal...
2026-04-22 10:04:15,841 - [INFO] - [WAIT] No marker found, waiting for generator signal...
2026-04-22 10:04:16,842 - [INFO] - [WAIT] No marker found, waiting for generator signal...
2026-04-22 10:04:17,842 - [INFO] - [WAIT] No marker found, waiting for generator signal...
2026-04-22 10:04:18,842 - [INFO] - [WAIT] No marker found, waiting for generator signal...
2026-04-22 10:04:19,843 - [INFO] - [WAIT] No marker found, waiting for generator signal...
2026-04-22 10:04:20,843 - [INFO] - [WAIT] No marker found, waiting for generator signal...
2026-04-22 10:04:21,843 - [INFO] - [WAIT] No marker found, waiting for generator signal...
2026-04-22 10:04:22,843 - [INFO] - [WAIT] No marker found, waiting for generator signal...
2026-04-22 10:04:23,844 - [INFO] - [WAIT] No marker found, waiting for generator signal...
2026-04-22 10:04:24,844 - [INFO] - [WAIT] No marker found, waiting for generator signal...
2026-04-22 10:04:25,844 - [INFO] - [WAIT] No marker found, waiting for generator signal...
2026-04-22 10:04:26,845 - [INFO] - [WAIT] No marker found, waiting for generator signal...
2026-04-22 10:04:27,845 - [INFO] - [WAIT] No marker found, waiting for generator signal...
2026-04-22 10:04:28,846 - [INFO] - [WAIT] No marker found, waiting for generator signal...
2026-04-22 10:04:29,847 - [INFO] - [WAIT] No marker found, waiting for generator signal...
2026-04-22 10:04:30,848 - [INFO] - [WAIT] No marker found, waiting for generator signal...
2026-04-22 10:04:31,848 - [INFO] - [WAIT] No marker found, waiting for generator signal...
2026-04-22 10:04:32,848 - [INFO] - [WAIT] No marker found, waiting for generator signal...
2026-04-22 10:04:33,849 - [INFO] - [WAIT] No marker found, waiting for generator signal...
2026-04-22 10:04:34,849 - [INFO] - [WAIT] No marker found, waiting for generator signal...
2026-04-22 10:04:35,849 - [INFO] - [WAIT] No marker found, waiting for generator signal...
2026-04-22 10:04:36,850 - [INFO] - [WAIT] No marker found, waiting for generator signal...
2026-04-22 10:04:37,850 - [INFO] - [WAIT] No marker found, waiting for generator signal...
2026-04-22 10:04:38,851 - [INFO] - [WAIT] No marker found, waiting for generator signal...
2026-04-22 10:04:39,851 - [INFO] - [WAIT] No marker found, waiting for generator signal...
2026-04-22 10:04:40,851 - [INFO] - [WAIT] No marker found, waiting for generator signal...
2026-04-22 10:04:41,852 - [INFO] - [WAIT] No marker found, waiting for generator signal...
2026-04-22 10:04:42,852 - [INFO] - [WAIT] No marker found, waiting for generator signal...
2026-04-22 10:04:43,852 - [INFO] - [WAIT] No marker found, waiting for generator signal...
2026-04-22 10:04:44,853 - [INFO] - [WAIT] No marker found, waiting for generator signal...
2026-04-22 10:04:45,853 - [INFO] - [WAIT] No marker found, waiting for generator signal...
2026-04-22 10:04:46,854 - [INFO] - [WAIT] No marker found, waiting for generator signal...
2026-04-22 10:04:47,854 - [INFO] - [WAIT] No marker found, waiting for generator signal...
2026-04-22 10:04:48,854 - [INFO] - [WAIT] No marker found, waiting for generator signal...
2026-04-22 10:04:49,855 - [INFO] - [WAIT] No marker found, waiting for generator signal...
2026-04-22 10:04:50,855 - [INFO] - [WAIT] No marker found, waiting for generator signal...
2026-04-22 10:04:51,855 - [INFO] - [WAIT] No marker found, waiting for generator signal...
2026-04-22 10:04:52,855 - [INFO] - [WAIT] No marker found, waiting for generator signal...
2026-04-22 10:04:53,856 - [INFO] - [WAIT] No marker found, waiting for generator signal...
2026-04-22 10:04:54,856 - [INFO] - [WAIT] No marker found, waiting for generator signal...
2026-04-22 10:04:55,857 - [INFO] - [WAIT] No marker found, waiting for generator signal...
2026-04-22 10:04:56,857 - [INFO] - [WAIT] No marker found, waiting for generator signal...
2026-04-22 10:04:57,857 - [INFO] - [WAIT] No marker found, waiting for generator signal...
2026-04-22 10:04:58,858 - [INFO] - [WAIT] No marker found, waiting for generator signal...
2026-04-22 10:04:59,858 - [INFO] - [WAIT] No marker found, waiting for generator signal...
2026-04-22 10:05:00,858 - [INFO] - [WAIT] No marker found, waiting for generator signal...
2026-04-22 10:05:01,859 - [INFO] - [WAIT] No marker found, waiting for generator signal...
2026-04-22 10:05:02,859 - [INFO] - [WAIT] No marker found, waiting for generator signal...
2026-04-22 10:05:03,859 - [INFO] - [WAIT] No marker found, waiting for generator signal...
2026-04-22 10:05:04,860 - [INFO] - [WAIT] No marker found, waiting for generator signal...
2026-04-22 10:05:05,860 - [INFO] - [WAIT] No marker found, waiting for generator signal...
2026-04-22 10:05:06,860 - [INFO] - [WAIT] No marker found, waiting for generator signal...
2026-04-22 10:05:07,861 - [INFO] - [WAIT] No marker found, waiting for generator signal...
2026-04-22 10:05:08,861 - [INFO] - [WAIT] No marker found, waiting for generator signal...
2026-04-22 10:05:09,861 - [INFO] - [WAIT] No marker found, waiting for generator signal...
2026-04-22 10:05:10,862 - [INFO] - [WAIT] No marker found, waiting for generator signal...
2026-04-22 10:05:11,862 - [INFO] - [WAIT] No marker found, waiting for generator signal...
2026-04-22 10:05:12,862 - [INFO] - [WAIT] No marker found, waiting for generator signal...
2026-04-22 10:05:13,863 - [INFO] - [WAIT] No marker found, waiting for generator signal...
2026-04-22 10:05:14,863 - [INFO] - [WAIT] No marker found, waiting for generator signal...
2026-04-22 10:05:15,863 - [INFO] - [WAIT] No marker found, waiting for generator signal...
2026-04-22 10:05:16,864 - [INFO] - [WAIT] No marker found, waiting for generator signal...
2026-04-22 10:05:17,864 - [INFO] - [WAIT] No marker found, waiting for generator signal...
2026-04-22 10:05:18,864 - [INFO] - [WAIT] No marker found, waiting for generator signal...
2026-04-22 10:05:19,865 - [INFO] - [WAIT] No marker found, waiting for generator signal...
2026-04-22 10:05:20,865 - [INFO] - [WAIT] No marker found, waiting for generator signal...
2026-04-22 10:05:21,865 - [INFO] - [WAIT] No marker found, waiting for generator signal...
2026-04-22 10:05:22,866 - [INFO] - [WAIT] No marker found, waiting for generator signal...
2026-04-22 10:05:23,866 - [INFO] - [WAIT] No marker found, waiting for generator signal...
2026-04-22 10:05:24,866 - [INFO] - [WAIT] No marker found, waiting for generator signal...
2026-04-22 10:05:25,867 - [INFO] - [WAIT] No marker found, waiting for generator signal...
2026-04-22 10:05:26,867 - [INFO] - [WAIT] No marker found, waiting for generator signal...
2026-04-22 10:05:27,867 - [INFO] - [WAIT] No marker found, waiting for generator signal...
2026-04-22 10:05:28,868 - [INFO] - [WAIT] No marker found, waiting for generator signal...
2026-04-22 10:05:29,868 - [INFO] - [WAIT] No marker found, waiting for generator signal...
2026-04-22 10:05:30,868 - [INFO] - [WAIT] No marker found, waiting for generator signal...
2026-04-22 10:05:31,869 - [INFO] - [WAIT] No marker found, waiting for generator signal...
2026-04-22 10:05:32,869 - [INFO] - [WAIT] No marker found, waiting for generator signal...
2026-04-22 10:05:33,869 - [INFO] - [WAIT] No marker found, waiting for generator signal...
2026-04-22 10:05:34,870 - [INFO] - [WAIT] No marker found, waiting for generator signal...
2026-04-22 10:05:35,870 - [INFO] - [WAIT] No marker found, waiting for generator signal...
2026-04-22 10:05:36,870 - [INFO] - [WAIT] No marker found, waiting for generator signal...
2026-04-22 10:05:37,871 - [INFO] - [WAIT] No marker found, waiting for generator signal...
2026-04-22 10:05:38,871 - [INFO] - [WAIT] No marker found, waiting for generator signal...
2026-04-22 10:05:39,871 - [INFO] - [WAIT] No marker found, waiting for generator signal...
2026-04-22 10:05:40,871 - [INFO] - [WAIT] No marker found, waiting for generator signal...
2026-04-22 10:05:41,872 - [INFO] - [WAIT] No marker found, waiting for generator signal...
2026-04-22 10:05:42,872 - [INFO] - [WAIT] No marker found, waiting for generator signal...
2026-04-22 10:05:43,872 - [INFO] - [WAIT] No marker found, waiting for generator signal...
2026-04-22 10:05:44,873 - [INFO] - [WAIT] No marker found, waiting for generator signal...
2026-04-22 10:05:45,873 - [INFO] - [WAIT] No marker found, waiting for generator signal...
2026-04-22 10:05:46,873 - [INFO] - [WAIT] No marker found, waiting for generator signal...
2026-04-22 10:05:47,874 - [INFO] - [WAIT] No marker found, waiting for generator signal...
2026-04-22 10:05:48,874 - [INFO] - [WAIT] No marker found, waiting for generator signal...
2026-04-22 10:05:49,874 - [INFO] - [WAIT] No marker found, waiting for generator signal...
2026-04-22 10:05:50,875 - [INFO] - [WAIT] No marker found, waiting for generator signal...
2026-04-22 10:05:51,875 - [INFO] - [WAIT] No marker found, waiting for generator signal...
2026-04-22 10:05:52,875 - [INFO] - [WAIT] No marker found, waiting for generator signal...
2026-04-22 10:05:53,875 - [INFO] - [WAIT] No marker found, waiting for generator signal...
2026-04-22 10:05:54,876 - [INFO] - [WAIT] No marker found, waiting for generator signal...
2026-04-22 10:05:55,876 - [INFO] - [WAIT] No marker found, waiting for generator signal...
2026-04-22 10:05:56,876 - [INFO] - [WAIT] No marker found, waiting for generator signal...
2026-04-22 10:05:57,877 - [INFO] - [WAIT] No marker found, waiting for generator signal...
2026-04-22 10:05:58,877 - [INFO] - [WAIT] No marker found, waiting for generator signal...
2026-04-22 10:05:59,877 - [INFO] - [WAIT] No marker found, waiting for generator signal...
2026-04-22 10:06:00,878 - [INFO] - [WAIT] No marker found, waiting for generator signal...
2026-04-22 10:06:01,878 - [INFO] - [WAIT] No marker found, waiting for generator signal...
2026-04-22 10:06:02,878 - [INFO] - [WAIT] No marker found, waiting for generator signal...
2026-04-22 10:06:03,879 - [INFO] - [WAIT] No marker found, waiting for generator signal...
2026-04-22 10:06:04,879 - [INFO] - [WAIT] No marker found, waiting for generator signal...
2026-04-22 10:06:05,879 - [INFO] - [WAIT] No marker found, waiting for generator signal...
2026-04-22 10:06:06,880 - [INFO] - [WAIT] No marker found, waiting for generator signal...
2026-04-22 10:06:07,880 - [INFO] - [WAIT] No marker found, waiting for generator signal...
2026-04-22 10:06:08,880 - [INFO] - [WAIT] No marker found, waiting for generator signal...
2026-04-22 10:06:09,881 - [INFO] - [WAIT] No marker found, waiting for generator signal...
2026-04-22 10:06:10,881 - [INFO] - [WAIT] No marker found, waiting for generator signal...
2026-04-22 10:06:11,881 - [INFO] - [WAIT] No marker found, waiting for generator signal...
2026-04-22 10:06:12,882 - [INFO] - [WAIT] No marker found, waiting for generator signal...
2026-04-22 10:06:13,882 - [INFO] - [WAIT] No marker found, waiting for generator signal...
2026-04-22 10:06:14,883 - [INFO] - [WAIT] No marker found, waiting for generator signal...
2026-04-22 10:06:15,883 - [INFO] - [WAIT] No marker found, waiting for generator signal...
2026-04-22 10:06:16,883 - [INFO] - [WAIT] No marker found, waiting for generator signal...
2026-04-22 10:06:17,883 - [INFO] - [WAIT] No marker found, waiting for generator signal...
2026-04-22 10:06:18,884 - [INFO] - [WAIT] No marker found, waiting for generator signal...
2026-04-22 10:06:19,884 - [INFO] - [WAIT] No marker found, waiting for generator signal...
2026-04-22 10:06:20,884 - [INFO] - [WAIT] No marker found, waiting for generator signal...
2026-04-22 10:06:21,886 - [INFO] - [WAIT] No marker found, waiting for generator signal...
2026-04-22 10:06:22,886 - [INFO] - [WAIT] No marker found, waiting for generator signal...
2026-04-22 10:06:23,886 - [INFO] - [WAIT] No marker found, waiting for generator signal...
2026-04-22 10:06:24,887 - [INFO] - [WAIT] No marker found, waiting for generator signal...
2026-04-22 10:06:25,887 - [INFO] - [WAIT] No marker found, waiting for generator signal...
2026-04-22 10:06:26,888 - [INFO] - [WAIT] No marker found, waiting for generator signal...
2026-04-22 10:06:27,888 - [INFO] - [WAIT] No marker found, waiting for generator signal...
2026-04-22 10:06:28,888 - [INFO] - [WAIT] No marker found, waiting for generator signal...
2026-04-22 10:06:29,888 - [INFO] - [WAIT] No marker found, waiting for generator signal...
2026-04-22 10:06:30,889 - [INFO] - [WAIT] No marker found, waiting for generator signal...
2026-04-22 10:06:31,889 - [INFO] - [WAIT] No marker found, waiting for generator signal...
2026-04-22 10:06:32,889 - [INFO] - [WAIT] No marker found, waiting for generator signal...
2026-04-22 10:06:33,890 - [INFO] - [WAIT] No marker found, waiting for generator signal...
2026-04-22 10:06:34,890 - [INFO] - [WAIT] No marker found, waiting for generator signal...
2026-04-22 10:06:35,890 - [INFO] - [WAIT] No marker found, waiting for generator signal...
2026-04-22 10:06:36,891 - [INFO] - [WAIT] No marker found, waiting for generator signal...
2026-04-22 10:06:37,891 - [INFO] - [WAIT] No marker found, waiting for generator signal...
2026-04-22 10:06:38,891 - [INFO] - [WAIT] No marker found, waiting for generator signal...
2026-04-22 10:06:39,892 - [INFO] - [WAIT] No marker found, waiting for generator signal...
2026-04-22 10:06:40,892 - [INFO] - [WAIT] No marker found, waiting for generator signal...
2026-04-22 10:06:41,892 - [INFO] - [WAIT] No marker found, waiting for generator signal...
2026-04-22 10:06:42,893 - [INFO] - [WAIT] No marker found, waiting for generator signal...
2026-04-22 10:06:43,893 - [INFO] - [WAIT] No marker found, waiting for generator signal...
2026-04-22 10:06:44,893 - [INFO] - [WAIT] No marker found, waiting for generator signal...
2026-04-22 10:06:45,893 - [INFO] - [WAIT] No marker found, waiting for generator signal...
2026-04-22 10:06:46,894 - [INFO] - [WAIT] No marker found, waiting for generator signal...
2026-04-22 10:06:47,894 - [INFO] - [WAIT] No marker found, waiting for generator signal...
2026-04-22 10:06:48,894 - [INFO] - [WAIT] No marker found, waiting for generator signal...
2026-04-22 10:06:49,895 - [INFO] - [WAIT] No marker found, waiting for generator signal...
2026-04-22 10:06:50,895 - [INFO] - [WAIT] No marker found, waiting for generator signal...
2026-04-22 10:06:51,896 - [INFO] - [WAIT] No marker found, waiting for generator signal...
2026-04-22 10:06:52,896 - [INFO] - [WAIT] No marker found, waiting for generator signal...
2026-04-22 10:06:53,896 - [INFO] - [WAIT] No marker found, waiting for generator signal...
2026-04-22 10:06:54,897 - [INFO] - [WAIT] No marker found, waiting for generator signal...
2026-04-22 10:06:55,897 - [INFO] - [WAIT] No marker found, waiting for generator signal...
2026-04-22 10:06:56,897 - [INFO] - [WAIT] No marker found, waiting for generator signal...
2026-04-22 10:06:57,898 - [INFO] - [WAIT] No marker found, waiting for generator signal...
2026-04-22 10:06:58,898 - [INFO] - [WAIT] No marker found, waiting for generator signal...
2026-04-22 10:06:59,898 - [INFO] - [WAIT] No marker found, waiting for generator signal...
2026-04-22 10:07:00,899 - [INFO] - [WAIT] No marker found, waiting for generator signal...
2026-04-22 10:07:01,899 - [INFO] - [WAIT] No marker found, waiting for generator signal...
2026-04-22 10:07:02,899 - [INFO] - [WAIT] No marker found, waiting for generator signal...
2026-04-22 10:07:03,899 - [INFO] - [WAIT] No marker found, waiting for generator signal...
2026-04-22 10:07:04,900 - [INFO] - [WAIT] No marker found, waiting for generator signal...
2026-04-22 10:07:05,900 - [INFO] - [WAIT] No marker found, waiting for generator signal...
2026-04-22 10:07:06,900 - [INFO] - [WAIT] No marker found, waiting for generator signal...
2026-04-22 10:07:07,901 - [INFO] - [WAIT] No marker found, waiting for generator signal...
2026-04-22 10:07:08,901 - [INFO] - [WAIT] No marker found, waiting for generator signal...
2026-04-22 10:07:09,902 - [INFO] - [WAIT] No marker found, waiting for generator signal...
2026-04-22 10:07:10,902 - [INFO] - [WAIT] No marker found, waiting for generator signal...
2026-04-22 10:07:11,902 - [INFO] - [WAIT] No marker found, waiting for generator signal...
2026-04-22 10:07:12,903 - [INFO] - [WAIT] No marker found, waiting for generator signal...
2026-04-22 10:07:13,903 - [INFO] - [WAIT] No marker found, waiting for generator signal...
2026-04-22 10:07:14,904 - [INFO] - [WAIT] No marker found, waiting for generator signal...
2026-04-22 10:07:15,904 - [INFO] - [WAIT] No marker found, waiting for generator signal...
2026-04-22 10:07:16,904 - [INFO] - [WAIT] No marker found, waiting for generator signal...
2026-04-22 10:07:17,905 - [INFO] - [WAIT] No marker found, waiting for generator signal...
2026-04-22 10:07:18,905 - [INFO] - [WAIT] No marker found, waiting for generator signal...
2026-04-22 10:07:19,905 - [INFO] - [WAIT] No marker found, waiting for generator signal...
2026-04-22 10:07:20,906 - [INFO] - [WAIT] No marker found, waiting for generator signal...
2026-04-22 10:07:21,907 - [INFO] - [WAIT] No marker found, waiting for generator signal...
2026-04-22 10:07:22,907 - [INFO] - [WAIT] No marker found, waiting for generator signal...
2026-04-22 10:07:23,907 - [INFO] - [WAIT] No marker found, waiting for generator signal...
2026-04-22 10:07:24,908 - [INFO] - [WAIT] No marker found, waiting for generator signal...
2026-04-22 10:07:25,908 - [INFO] - [WAIT] No marker found, waiting for generator signal...
2026-04-22 10:07:26,908 - [INFO] - [WAIT] No marker found, waiting for generator signal...
2026-04-22 10:07:27,909 - [INFO] - [WAIT] No marker found, waiting for generator signal...
2026-04-22 10:07:28,910 - [INFO] - [WAIT] No marker found, waiting for generator signal...
2026-04-22 10:07:29,910 - [INFO] - [WAIT] No marker found, waiting for generator signal...
2026-04-22 10:07:30,911 - [INFO] - [WAIT] No marker found, waiting for generator signal...
2026-04-22 10:07:31,911 - [INFO] - [WAIT] No marker found, waiting for generator signal...
2026-04-22 10:07:32,911 - [INFO] - [WAIT] No marker found, waiting for generator signal...
2026-04-22 10:07:33,911 - [INFO] - [WAIT] No marker found, waiting for generator signal...
2026-04-22 10:07:34,912 - [INFO] - [WAIT] No marker found, waiting for generator signal...
2026-04-22 10:07:35,912 - [INFO] - [WAIT] No marker found, waiting for generator signal...
2026-04-22 10:07:36,912 - [INFO] - [WAIT] No marker found, waiting for generator signal...
2026-04-22 10:07:37,913 - [INFO] - [WAIT] No marker found, waiting for generator signal...
2026-04-22 10:07:38,913 - [INFO] - [WAIT] No marker found, waiting for generator signal...
2026-04-22 10:07:39,913 - [INFO] - [WAIT] No marker found, waiting for generator signal...
2026-04-22 10:07:40,914 - [INFO] - [WAIT] No marker found, waiting for generator signal...
2026-04-22 10:07:41,914 - [INFO] - [WAIT] No marker found, waiting for generator signal...
2026-04-22 10:07:42,914 - [INFO] - [WAIT] No marker found, waiting for generator signal...
2026-04-22 10:07:43,915 - [INFO] - [WAIT] No marker found, waiting for generator signal...
2026-04-22 10:07:44,915 - [INFO] - [WAIT] No marker found, waiting for generator signal...
2026-04-22 10:07:45,915 - [INFO] - [WAIT] No marker found, waiting for generator signal...
2026-04-22 10:07:46,916 - [INFO] - [WAIT] No marker found, waiting for generator signal...
2026-04-22 10:07:47,916 - [INFO] - [WAIT] No marker found, waiting for generator signal...
2026-04-22 10:07:48,916 - [INFO] - [WAIT] No marker found, waiting for generator signal...
2026-04-22 10:07:49,917 - [INFO] - [WAIT] No marker found, waiting for generator signal...
2026-04-22 10:07:50,917 - [INFO] - [WAIT] No marker found, waiting for generator signal...
2026-04-22 10:07:51,917 - [INFO] - [WAIT] No marker found, waiting for generator signal...
2026-04-22 10:07:52,918 - [INFO] - [WAIT] No marker found, waiting for generator signal...
2026-04-22 10:07:53,918 - [INFO] - [WAIT] No marker found, waiting for generator signal...
2026-04-22 10:07:54,918 - [INFO] - [WAIT] No marker found, waiting for generator signal...
2026-04-22 10:07:55,918 - [INFO] - [WAIT] No marker found, waiting for generator signal...
2026-04-22 10:07:56,919 - [INFO] - [WAIT] No marker found, waiting for generator signal...
2026-04-22 10:07:57,919 - [INFO] - [WAIT] No marker found, waiting for generator signal...
2026-04-22 10:07:58,919 - [INFO] - [WAIT] No marker found, waiting for generator signal...
2026-04-22 10:07:59,920 - [INFO] - [WAIT] No marker found, waiting for generator signal...
2026-04-22 10:08:00,920 - [INFO] - [WAIT] No marker found, waiting for generator signal...
2026-04-22 10:08:01,920 - [INFO] - [WAIT] No marker found, waiting for generator signal...
2026-04-22 10:08:02,921 - [INFO] - [WAIT] No marker found, waiting for generator signal...
2026-04-22 10:08:03,921 - [INFO] - [WAIT] No marker found, waiting for generator signal...
2026-04-22 10:08:04,921 - [INFO] - [WAIT] No marker found, waiting for generator signal...
2026-04-22 10:08:05,922 - [INFO] - [WAIT] No marker found, waiting for generator signal...
2026-04-22 10:08:06,922 - [INFO] - [WAIT] No marker found, waiting for generator signal...
2026-04-22 10:08:07,922 - [INFO] - [WAIT] No marker found, waiting for generator signal...
2026-04-22 10:08:08,922 - [INFO] - [WAIT] No marker found, waiting for generator signal...
2026-04-22 10:08:09,923 - [INFO] - [WAIT] No marker found, waiting for generator signal...
2026-04-22 10:08:10,923 - [INFO] - [WAIT] No marker found, waiting for generator signal...
2026-04-22 10:08:11,923 - [INFO] - [WAIT] No marker found, waiting for generator signal...
2026-04-22 10:08:12,924 - [INFO] - [WAIT] No marker found, waiting for generator signal...
2026-04-22 10:08:13,924 - [INFO] - [WAIT] No marker found, waiting for generator signal...
2026-04-22 10:08:14,924 - [INFO] - [WAIT] No marker found, waiting for generator signal...
2026-04-22 10:08:15,925 - [INFO] - [WAIT] No marker found, waiting for generator signal...
2026-04-22 10:08:16,925 - [INFO] - [WAIT] No marker found, waiting for generator signal...
2026-04-22 10:08:17,925 - [INFO] - [WAIT] No marker found, waiting for generator signal...
2026-04-22 10:08:18,926 - [INFO] - [WAIT] No marker found, waiting for generator signal...
2026-04-22 10:08:19,926 - [INFO] - [WAIT] No marker found, waiting for generator signal...
2026-04-22 10:08:20,927 - [INFO] - [WAIT] No marker found, waiting for generator signal...
2026-04-22 10:08:21,927 - [INFO] - [WAIT] No marker found, waiting for generator signal...
2026-04-22 10:08:22,927 - [INFO] - [WAIT] No marker found, waiting for generator signal...
2026-04-22 10:08:23,928 - [INFO] - [WAIT] No marker found, waiting for generator signal...
2026-04-22 10:08:24,928 - [INFO] - [WAIT] No marker found, waiting for generator signal...
2026-04-22 10:08:25,928 - [INFO] - [WAIT] No marker found, waiting for generator signal...
2026-04-22 10:08:26,929 - [INFO] - [WAIT] No marker found, waiting for generator signal...
2026-04-22 10:08:27,929 - [INFO] - [WAIT] No marker found, waiting for generator signal...
2026-04-22 10:08:28,929 - [INFO] - [WAIT] No marker found, waiting for generator signal...
2026-04-22 10:08:29,930 - [INFO] - [WAIT] No marker found, waiting for generator signal...
2026-04-22 10:08:30,930 - [INFO] - [WAIT] No marker found, waiting for generator signal...
2026-04-22 10:08:31,930 - [INFO] - [WAIT] No marker found, waiting for generator signal...
2026-04-22 10:08:32,930 - [INFO] - [WAIT] No marker found, waiting for generator signal...
2026-04-22 10:08:33,931 - [INFO] - [WAIT] No marker found, waiting for generator signal...
2026-04-22 10:08:34,931 - [INFO] - [WAIT] No marker found, waiting for generator signal...
2026-04-22 10:08:35,931 - [INFO] - [WAIT] No marker found, waiting for generator signal...
2026-04-22 10:08:36,932 - [INFO] - [WAIT] No marker found, waiting for generator signal...
2026-04-22 10:08:37,932 - [INFO] - [WAIT] No marker found, waiting for generator signal...
2026-04-22 10:08:38,932 - [INFO] - [WAIT] No marker found, waiting for generator signal...
2026-04-22 10:08:39,933 - [INFO] - [WAIT] No marker found, waiting for generator signal...
2026-04-22 10:08:40,933 - [INFO] - [WAIT] No marker found, waiting for generator signal...
2026-04-22 10:08:41,933 - [INFO] - [WAIT] No marker found, waiting for generator signal...
2026-04-22 10:08:42,934 - [INFO] - [WAIT] No marker found, waiting for generator signal...
2026-04-22 10:08:43,934 - [INFO] - [WAIT] No marker found, waiting for generator signal...
2026-04-22 10:08:44,934 - [INFO] - [WAIT] No marker found, waiting for generator signal...
2026-04-22 10:08:45,935 - [INFO] - [WAIT] No marker found, waiting for generator signal...
2026-04-22 10:08:46,935 - [INFO] - [WAIT] No marker found, waiting for generator signal...
2026-04-22 10:08:47,935 - [INFO] - [WAIT] No marker found, waiting for generator signal...
2026-04-22 10:08:48,936 - [INFO] - [WAIT] No marker found, waiting for generator signal...
2026-04-22 10:08:49,936 - [INFO] - [WAIT] No marker found, waiting for generator signal...
2026-04-22 10:08:50,936 - [INFO] - [WAIT] No marker found, waiting for generator signal...
2026-04-22 10:08:51,937 - [INFO] - [WAIT] No marker found, waiting for generator signal...
2026-04-22 10:08:52,937 - [INFO] - [WAIT] No marker found, waiting for generator signal...
2026-04-22 10:08:53,937 - [INFO] - [WAIT] No marker found, waiting for generator signal...
2026-04-22 10:08:54,938 - [INFO] - [WAIT] No marker found, waiting for generator signal...
2026-04-22 10:08:55,938 - [INFO] - [WAIT] No marker found, waiting for generator signal...
2026-04-22 10:08:56,938 - [INFO] - [WAIT] No marker found, waiting for generator signal...
2026-04-22 10:08:57,939 - [INFO] - [WAIT] No marker found, waiting for generator signal...
2026-04-22 10:08:58,939 - [INFO] - [WAIT] No marker found, waiting for generator signal...
2026-04-22 10:08:59,939 - [INFO] - [WAIT] No marker found, waiting for generator signal...
2026-04-22 10:09:00,940 - [INFO] - [WAIT] No marker found, waiting for generator signal...
2026-04-22 10:09:01,940 - [INFO] - [WAIT] No marker found, waiting for generator signal...
2026-04-22 10:09:02,940 - [INFO] - [WAIT] No marker found, waiting for generator signal...
2026-04-22 10:09:03,941 - [INFO] - [WAIT] No marker found, waiting for generator signal...
2026-04-22 10:09:04,941 - [INFO] - [WAIT] No marker found, waiting for generator signal...
2026-04-22 10:09:05,941 - [INFO] - [WAIT] No marker found, waiting for generator signal...
2026-04-22 10:09:06,941 - [INFO] - [WAIT] No marker found, waiting for generator signal...
2026-04-22 10:09:07,942 - [INFO] - [WAIT] No marker found, waiting for generator signal...
2026-04-22 10:09:08,942 - [INFO] - [WAIT] No marker found, waiting for generator signal...
2026-04-22 10:09:09,943 - [INFO] - [WAIT] No marker found, waiting for generator signal...
2026-04-22 10:09:10,943 - [INFO] - [WAIT] No marker found, waiting for generator signal...
2026-04-22 10:09:11,943 - [INFO] - [WAIT] No marker found, waiting for generator signal...
2026-04-22 10:09:12,944 - [INFO] - [WAIT] No marker found, waiting for generator signal...
2026-04-22 10:09:13,944 - [INFO] - [WAIT] No marker found, waiting for generator signal...
2026-04-22 10:09:14,944 - [INFO] - [WAIT] No marker found, waiting for generator signal...
2026-04-22 10:09:15,945 - [INFO] - [WAIT] No marker found, waiting for generator signal...
2026-04-22 10:09:16,945 - [INFO] - [WAIT] No marker found, waiting for generator signal...
2026-04-22 10:09:17,945 - [INFO] - [WAIT] No marker found, waiting for generator signal...
2026-04-22 10:09:18,946 - [INFO] - [WAIT] No marker found, waiting for generator signal...
2026-04-22 10:09:19,946 - [INFO] - [WAIT] No marker found, waiting for generator signal...
2026-04-22 10:09:20,946 - [INFO] - [WAIT] No marker found, waiting for generator signal...
2026-04-22 10:09:21,947 - [INFO] - [WAIT] No marker found, waiting for generator signal...
2026-04-22 10:09:22,947 - [INFO] - [WAIT] No marker found, waiting for generator signal...
2026-04-22 10:09:23,947 - [INFO] - [WAIT] No marker found, waiting for generator signal...
2026-04-22 10:09:24,948 - [INFO] - [WAIT] No marker found, waiting for generator signal...
2026-04-22 10:09:25,948 - [INFO] - [WAIT] No marker found, waiting for generator signal...
2026-04-22 10:09:26,948 - [INFO] - [WAIT] No marker found, waiting for generator signal...
2026-04-22 10:09:27,949 - [INFO] - [WAIT] No marker found, waiting for generator signal...
2026-04-22 10:09:28,949 - [INFO] - [WAIT] No marker found, waiting for generator signal...
2026-04-22 10:09:29,949 - [INFO] - [WAIT] No marker found, waiting for generator signal...
2026-04-22 10:09:30,950 - [INFO] - [WAIT] No marker found, waiting for generator signal...
2026-04-22 10:09:31,950 - [INFO] - [WAIT] No marker found, waiting for generator signal...
2026-04-22 10:09:32,950 - [INFO] - [WAIT] No marker found, waiting for generator signal...
2026-04-22 10:09:33,951 - [INFO] - [WAIT] No marker found, waiting for generator signal...
2026-04-22 10:09:34,951 - [INFO] - [WAIT] No marker found, waiting for generator signal...
2026-04-22 10:09:35,951 - [INFO] - [WAIT] No marker found, waiting for generator signal...
2026-04-22 10:09:36,952 - [INFO] - [WAIT] No marker found, waiting for generator signal...
2026-04-22 10:09:37,952 - [INFO] - [WAIT] No marker found, waiting for generator signal...
2026-04-22 10:09:38,952 - [INFO] - [WAIT] No marker found, waiting for generator signal...
2026-04-22 10:09:39,953 - [INFO] - [WAIT] No marker found, waiting for generator signal...
2026-04-22 10:09:40,953 - [INFO] - [WAIT] No marker found, waiting for generator signal...
2026-04-22 10:09:41,953 - [INFO] - [WAIT] No marker found, waiting for generator signal...
2026-04-22 10:09:42,954 - [INFO] - [WAIT] No marker found, waiting for generator signal...
2026-04-22 10:09:43,954 - [INFO] - [WAIT] No marker found, waiting for generator signal...
2026-04-22 10:09:44,954 - [INFO] - [WAIT] No marker found, waiting for generator signal...
2026-04-22 10:09:45,955 - [INFO] - [WAIT] No marker found, waiting for generator signal...
2026-04-22 10:09:46,955 - [INFO] - [WAIT] No marker found, waiting for generator signal...
2026-04-22 10:09:47,955 - [INFO] - [WAIT] No marker found, waiting for generator signal...
2026-04-22 10:09:48,956 - [INFO] - [WAIT] No marker found, waiting for generator signal...
2026-04-22 10:09:49,956 - [INFO] - [WAIT] No marker found, waiting for generator signal...
2026-04-22 10:09:50,956 - [INFO] - [WAIT] No marker found, waiting for generator signal...
2026-04-22 10:09:51,956 - [INFO] - [WAIT] No marker found, waiting for generator signal...
2026-04-22 10:09:52,957 - [INFO] - [WAIT] No marker found, waiting for generator signal...
2026-04-22 10:09:53,957 - [INFO] - [WAIT] No marker found, waiting for generator signal...
2026-04-22 10:09:54,957 - [INFO] - [WAIT] No marker found, waiting for generator signal...
2026-04-22 10:09:55,958 - [INFO] - [WAIT] No marker found, waiting for generator signal...
2026-04-22 10:09:56,958 - [INFO] - [WAIT] No marker found, waiting for generator signal...
2026-04-22 10:09:57,958 - [INFO] - [WAIT] No marker found, waiting for generator signal...
2026-04-22 10:09:58,959 - [INFO] - [WAIT] No marker found, waiting for generator signal...
2026-04-22 10:09:59,959 - [INFO] - [WAIT] No marker found, waiting for generator signal...
2026-04-22 10:10:00,959 - [INFO] - [WAIT] No marker found, waiting for generator signal...
2026-04-22 10:10:01,960 - [INFO] - [WAIT] No marker found, waiting for generator signal...
2026-04-22 10:10:02,960 - [INFO] - [WAIT] No marker found, waiting for generator signal...
2026-04-22 10:10:03,960 - [INFO] - [WAIT] No marker found, waiting for generator signal...
2026-04-22 10:10:04,960 - [INFO] - [WAIT] No marker found, waiting for generator signal...
2026-04-22 10:10:05,961 - [INFO] - [WAIT] No marker found, waiting for generator signal...
2026-04-22 10:10:06,961 - [INFO] - [WAIT] No marker found, waiting for generator signal...
2026-04-22 10:10:07,961 - [INFO] - [WAIT] No marker found, waiting for generator signal...
2026-04-22 10:10:08,962 - [INFO] - [WAIT] No marker found, waiting for generator signal...
2026-04-22 10:10:09,962 - [INFO] - [WAIT] No marker found, waiting for generator signal...
2026-04-22 10:10:10,962 - [INFO] - [WAIT] No marker found, waiting for generator signal...
2026-04-22 10:10:11,963 - [INFO] - [WAIT] No marker found, waiting for generator signal...
2026-04-22 10:10:12,963 - [INFO] - [WAIT] No marker found, waiting for generator signal...
2026-04-22 10:10:13,963 - [INFO] - [WAIT] No marker found, waiting for generator signal...
2026-04-22 10:10:14,963 - [INFO] - [WAIT] No marker found, waiting for generator signal...
2026-04-22 10:10:15,964 - [INFO] - [WAIT] No marker found, waiting for generator signal...
2026-04-22 10:10:16,964 - [INFO] - [WAIT] No marker found, waiting for generator signal...
2026-04-22 10:10:17,964 - [INFO] - [WAIT] No marker found, waiting for generator signal...
2026-04-22 10:10:18,965 - [INFO] - [WAIT] No marker found, waiting for generator signal...
2026-04-22 10:10:19,965 - [INFO] - [WAIT] No marker found, waiting for generator signal...
2026-04-22 10:10:20,965 - [INFO] - [WAIT] No marker found, waiting for generator signal...
2026-04-22 10:10:21,966 - [INFO] - [WAIT] No marker found, waiting for generator signal...
2026-04-22 10:10:22,966 - [INFO] - [WAIT] No marker found, waiting for generator signal...
2026-04-22 10:10:23,966 - [INFO] - [WAIT] No marker found, waiting for generator signal...
2026-04-22 10:10:24,967 - [INFO] - [WAIT] No marker found, waiting for generator signal...
2026-04-22 10:10:25,967 - [INFO] - [WAIT] No marker found, waiting for generator signal...
2026-04-22 10:10:26,967 - [INFO] - [WAIT] No marker found, waiting for generator signal...
2026-04-22 10:10:27,968 - [INFO] - [WAIT] No marker found, waiting for generator signal...
2026-04-22 10:10:28,968 - [INFO] - [WAIT] No marker found, waiting for generator signal...
2026-04-22 10:10:29,968 - [INFO] - [WAIT] No marker found, waiting for generator signal...
2026-04-22 10:10:30,968 - [INFO] - [WAIT] No marker found, waiting for generator signal...
2026-04-22 10:10:31,969 - [INFO] - [WAIT] No marker found, waiting for generator signal...
2026-04-22 10:10:32,969 - [INFO] - [WAIT] No marker found, waiting for generator signal...
2026-04-22 10:10:33,969 - [INFO] - [WAIT] No marker found, waiting for generator signal...
2026-04-22 10:10:34,970 - [INFO] - [WAIT] No marker found, waiting for generator signal...
2026-04-22 10:10:35,970 - [INFO] - [WAIT] No marker found, waiting for generator signal...
2026-04-22 10:10:36,970 - [INFO] - [WAIT] No marker found, waiting for generator signal...
2026-04-22 10:10:37,971 - [INFO] - [WAIT] No marker found, waiting for generator signal...
2026-04-22 10:10:38,971 - [INFO] - [WAIT] No marker found, waiting for generator signal...
2026-04-22 10:10:39,971 - [INFO] - [WAIT] No marker found, waiting for generator signal...
2026-04-22 10:10:40,972 - [INFO] - [WAIT] No marker found, waiting for generator signal...
2026-04-22 10:10:41,972 - [INFO] - [WAIT] No marker found, waiting for generator signal...
2026-04-22 10:10:42,972 - [INFO] - [WAIT] No marker found, waiting for generator signal...
2026-04-22 10:10:43,973 - [INFO] - [WAIT] No marker found, waiting for generator signal...
2026-04-22 10:10:44,973 - [INFO] - [WAIT] No marker found, waiting for generator signal...
2026-04-22 10:10:45,973 - [INFO] - [WAIT] No marker found, waiting for generator signal...
2026-04-22 10:10:46,973 - [INFO] - [WAIT] No marker found, waiting for generator signal...
2026-04-22 10:10:47,974 - [INFO] - [WAIT] No marker found, waiting for generator signal...
2026-04-22 10:10:48,974 - [INFO] - [WAIT] No marker found, waiting for generator signal...
2026-04-22 10:10:49,974 - [INFO] - [WAIT] No marker found, waiting for generator signal...
2026-04-22 10:10:50,975 - [INFO] - [WAIT] No marker found, waiting for generator signal...
2026-04-22 10:10:51,975 - [INFO] - [WAIT] No marker found, waiting for generator signal...
2026-04-22 10:10:52,976 - [INFO] - [WAIT] No marker found, waiting for generator signal...
2026-04-22 10:10:53,976 - [INFO] - [WAIT] No marker found, waiting for generator signal...
2026-04-22 10:10:54,976 - [INFO] - [WAIT] No marker found, waiting for generator signal...
2026-04-22 10:10:55,977 - [INFO] - [WAIT] No marker found, waiting for generator signal...
2026-04-22 10:10:56,977 - [INFO] - [WAIT] No marker found, waiting for generator signal...
2026-04-22 10:10:57,977 - [INFO] - [WAIT] No marker found, waiting for generator signal...
2026-04-22 10:10:58,978 - [INFO] - [WAIT] No marker found, waiting for generator signal...
2026-04-22 10:10:59,978 - [INFO] - [WAIT] No marker found, waiting for generator signal...
2026-04-22 10:11:00,978 - [INFO] - [WAIT] No marker found, waiting for generator signal...
2026-04-22 10:11:01,979 - [INFO] - [WAIT] No marker found, waiting for generator signal...
2026-04-22 10:11:02,979 - [INFO] - [WAIT] No marker found, waiting for generator signal...
2026-04-22 10:11:03,979 - [INFO] - [WAIT] No marker found, waiting for generator signal...
2026-04-22 10:11:04,980 - [INFO] - [WAIT] No marker found, waiting for generator signal...
2026-04-22 10:11:05,980 - [INFO] - [WAIT] No marker found, waiting for generator signal...
2026-04-22 10:11:06,980 - [INFO] - [WAIT] No marker found, waiting for generator signal...
2026-04-22 10:11:07,981 - [INFO] - [WAIT] No marker found, waiting for generator signal...
2026-04-22 10:11:08,981 - [INFO] - [WAIT] No marker found, waiting for generator signal...
2026-04-22 10:11:09,981 - [INFO] - [WAIT] No marker found, waiting for generator signal...
2026-04-22 10:11:10,982 - [INFO] - [WAIT] No marker found, waiting for generator signal...
2026-04-22 10:11:11,982 - [INFO] - [WAIT] No marker found, waiting for generator signal...
2026-04-22 10:11:12,982 - [INFO] - [WAIT] No marker found, waiting for generator signal...
2026-04-22 10:11:13,983 - [INFO] - [WAIT] No marker found, waiting for generator signal...
2026-04-22 10:11:14,983 - [INFO] - [WAIT] No marker found, waiting for generator signal...
2026-04-22 10:11:15,983 - [INFO] - [WAIT] No marker found, waiting for generator signal...
2026-04-22 10:11:16,985 - [INFO] - [WAIT] No marker found, waiting for generator signal...
2026-04-22 10:11:17,985 - [INFO] - [WAIT] No marker found, waiting for generator signal...
2026-04-22 10:11:18,986 - [INFO] - [WAIT] No marker found, waiting for generator signal...
2026-04-22 10:11:19,986 - [INFO] - [WAIT] No marker found, waiting for generator signal...
2026-04-22 10:11:20,986 - [INFO] - [WAIT] No marker found, waiting for generator signal...
2026-04-22 10:11:21,987 - [INFO] - [WAIT] No marker found, waiting for generator signal...
2026-04-22 10:11:22,987 - [INFO] - [WAIT] No marker found, waiting for generator signal...
2026-04-22 10:11:23,988 - [INFO] - [WAIT] No marker found, waiting for generator signal...
2026-04-22 10:11:24,988 - [INFO] - [WAIT] No marker found, waiting for generator signal...
2026-04-22 10:11:25,988 - [INFO] - [WAIT] No marker found, waiting for generator signal...
2026-04-22 10:11:26,989 - [INFO] - [WAIT] No marker found, waiting for generator signal...
2026-04-22 10:11:27,989 - [INFO] - [WAIT] No marker found, waiting for generator signal...
2026-04-22 10:11:28,989 - [INFO] - [WAIT] No marker found, waiting for generator signal...
2026-04-22 10:11:29,989 - [INFO] - [WAIT] No marker found, waiting for generator signal...
2026-04-22 10:11:30,991 - [INFO] - [WAIT] No marker found, waiting for generator signal...
2026-04-22 10:11:31,992 - [INFO] - [WAIT] No marker found, waiting for generator signal...
2026-04-22 10:11:32,993 - [INFO] - [WAIT] No marker found, waiting for generator signal...
2026-04-22 10:11:33,993 - [INFO] - [WAIT] No marker found, waiting for generator signal...
2026-04-22 10:11:34,993 - [INFO] - [WAIT] No marker found, waiting for generator signal...
2026-04-22 10:11:35,994 - [INFO] - [WAIT] No marker found, waiting for generator signal...
2026-04-22 10:11:36,994 - [INFO] - [WAIT] No marker found, waiting for generator signal...
2026-04-22 10:11:37,994 - [INFO] - [WAIT] No marker found, waiting for generator signal...
2026-04-22 10:11:38,995 - [INFO] - [WAIT] No marker found, waiting for generator signal...
2026-04-22 10:11:39,995 - [INFO] - [WAIT] No marker found, waiting for generator signal...
2026-04-22 10:11:40,995 - [INFO] - [WAIT] No marker found, waiting for generator signal...
2026-04-22 10:11:41,996 - [INFO] - [WAIT] No marker found, waiting for generator signal...
2026-04-22 10:11:42,996 - [INFO] - [WAIT] No marker found, waiting for generator signal...
2026-04-22 10:11:43,996 - [INFO] - [WAIT] No marker found, waiting for generator signal...
2026-04-22 10:11:44,997 - [INFO] - [WAIT] No marker found, waiting for generator signal...
2026-04-22 10:11:45,997 - [INFO] - [WAIT] No marker found, waiting for generator signal...
2026-04-22 10:11:47,001 - [INFO] - [WAIT] No marker found, waiting for generator signal...
2026-04-22 10:11:48,001 - [INFO] - [WAIT] No marker found, waiting for generator signal...
2026-04-22 10:11:49,002 - [INFO] - [WAIT] No marker found, waiting for generator signal...
2026-04-22 10:11:50,002 - [INFO] - [WAIT] No marker found, waiting for generator signal...
2026-04-22 10:11:51,003 - [INFO] - [WAIT] No marker found, waiting for generator signal...
2026-04-22 10:11:52,003 - [INFO] - [WAIT] No marker found, waiting for generator signal...
2026-04-22 10:11:53,004 - [INFO] - [WAIT] No marker found, waiting for generator signal...
2026-04-22 10:11:54,004 - [INFO] - [WAIT] No marker found, waiting for generator signal...
2026-04-22 10:11:55,004 - [INFO] - [WAIT] No marker found, waiting for generator signal...
2026-04-22 10:11:56,005 - [INFO] - [WAIT] No marker found, waiting for generator signal...
2026-04-22 10:11:57,005 - [INFO] - [WAIT] No marker found, waiting for generator signal...
2026-04-22 10:11:58,005 - [INFO] - [WAIT] No marker found, waiting for generator signal...
2026-04-22 10:11:59,006 - [INFO] - [WAIT] No marker found, waiting for generator signal...
2026-04-22 10:12:00,006 - [INFO] - [WAIT] No marker found, waiting for generator signal...
2026-04-22 10:12:01,006 - [INFO] - [WAIT] No marker found, waiting for generator signal...
2026-04-22 10:12:02,007 - [INFO] - [WAIT] No marker found, waiting for generator signal...
2026-04-22 10:12:03,007 - [INFO] - [WAIT] No marker found, waiting for generator signal...
2026-04-22 10:12:04,008 - [INFO] - [WAIT] No marker found, waiting for generator signal...
2026-04-22 10:12:05,008 - [INFO] - [WAIT] No marker found, waiting for generator signal...
2026-04-22 10:12:06,009 - [INFO] - [WAIT] No marker found, waiting for generator signal...
2026-04-22 10:12:07,009 - [INFO] - [WAIT] No marker found, waiting for generator signal...
2026-04-22 10:12:08,009 - [INFO] - [WAIT] No marker found, waiting for generator signal...
2026-04-22 10:12:09,010 - [INFO] - [WAIT] No marker found, waiting for generator signal...
2026-04-22 10:12:10,010 - [INFO] - [WAIT] No marker found, waiting for generator signal...
2026-04-22 10:12:11,012 - [INFO] - [WAIT] No marker found, waiting for generator signal...
2026-04-22 10:12:12,013 - [INFO] - [WAIT] No marker found, waiting for generator signal...
2026-04-22 10:12:13,013 - [INFO] - [WAIT] No marker found, waiting for generator signal...
2026-04-22 10:12:14,013 - [INFO] - [WAIT] No marker found, waiting for generator signal...
2026-04-22 10:12:15,014 - [INFO] - [WAIT] No marker found, waiting for generator signal...
2026-04-22 10:12:16,186 - [INFO] - [WAIT] No marker found, waiting for generator signal...
2026-04-22 10:12:17,186 - [INFO] - [WAIT] No marker found, waiting for generator signal...
2026-04-22 10:12:18,186 - [INFO] - [WAIT] No marker found, waiting for generator signal...
2026-04-22 10:12:19,187 - [INFO] - [WAIT] No marker found, waiting for generator signal...
2026-04-22 10:12:20,187 - [INFO] - [WAIT] No marker found, waiting for generator signal...
2026-04-22 10:12:21,187 - [INFO] - [WAIT] No marker found, waiting for generator signal...
2026-04-22 10:12:22,190 - [INFO] - [WAIT] No marker found, waiting for generator signal...
2026-04-22 10:12:23,190 - [INFO] - [WAIT] No marker found, waiting for generator signal...
2026-04-22 10:12:24,191 - [INFO] - [WAIT] No marker found, waiting for generator signal...
2026-04-22 10:12:25,191 - [INFO] - [WAIT] No marker found, waiting for generator signal...
2026-04-22 10:12:26,191 - [INFO] - [WAIT] No marker found, waiting for generator signal...
2026-04-22 10:12:27,192 - [INFO] - [WAIT] No marker found, waiting for generator signal...
2026-04-22 10:12:28,192 - [INFO] - [WAIT] No marker found, waiting for generator signal...
2026-04-22 10:12:29,192 - [INFO] - [WAIT] No marker found, waiting for generator signal...
2026-04-22 10:12:30,192 - [INFO] - [WAIT] No marker found, waiting for generator signal...
2026-04-22 10:12:31,193 - [INFO] - [WAIT] No marker found, waiting for generator signal...
2026-04-22 10:12:32,193 - [INFO] - [WAIT] No marker found, waiting for generator signal...
2026-04-22 10:12:33,193 - [INFO] - [WAIT] No marker found, waiting for generator signal...
2026-04-22 10:12:34,194 - [INFO] - [WAIT] No marker found, waiting for generator signal...
2026-04-22 10:12:35,194 - [INFO] - [WAIT] No marker found, waiting for generator signal...
2026-04-22 10:12:36,194 - [INFO] - [WAIT] No marker found, waiting for generator signal...
2026-04-22 10:12:37,195 - [INFO] - [WAIT] No marker found, waiting for generator signal...
2026-04-22 10:12:38,195 - [INFO] - [WAIT] No marker found, waiting for generator signal...
2026-04-22 10:12:39,195 - [INFO] - [WAIT] No marker found, waiting for generator signal...
2026-04-22 10:12:40,196 - [INFO] - [WAIT] No marker found, waiting for generator signal...
2026-04-22 10:12:41,196 - [INFO] - [WAIT] No marker found, waiting for generator signal...
2026-04-22 10:12:42,196 - [INFO] - [WAIT] No marker found, waiting for generator signal...
2026-04-22 10:12:43,197 - [INFO] - [WAIT] No marker found, waiting for generator signal...
2026-04-22 10:12:44,197 - [INFO] - [WAIT] No marker found, waiting for generator signal...
2026-04-22 10:12:45,197 - [INFO] - [WAIT] No marker found, waiting for generator signal...
2026-04-22 10:12:46,198 - [INFO] - [WAIT] No marker found, waiting for generator signal...
2026-04-22 10:12:47,198 - [INFO] - [WAIT] No marker found, waiting for generator signal...
2026-04-22 10:12:48,199 - [INFO] - [WAIT] No marker found, waiting for generator signal...
2026-04-22 10:12:49,199 - [INFO] - [WAIT] No marker found, waiting for generator signal...
2026-04-22 10:12:50,199 - [INFO] - [WAIT] No marker found, waiting for generator signal...
2026-04-22 10:12:51,199 - [INFO] - [WAIT] No marker found, waiting for generator signal...
2026-04-22 10:12:52,200 - [INFO] - [WAIT] No marker found, waiting for generator signal...
2026-04-22 10:12:53,200 - [INFO] - [WAIT] No marker found, waiting for generator signal...
2026-04-22 10:12:54,200 - [INFO] - [WAIT] No marker found, waiting for generator signal...
2026-04-22 10:12:55,201 - [INFO] - [WAIT] No marker found, waiting for generator signal...
2026-04-22 10:12:56,201 - [INFO] - [WAIT] No marker found, waiting for generator signal...
2026-04-22 10:12:57,201 - [INFO] - [WAIT] No marker found, waiting for generator signal...
2026-04-22 10:12:58,202 - [INFO] - [WAIT] No marker found, waiting for generator signal...
2026-04-22 10:12:59,202 - [INFO] - [WAIT] No marker found, waiting for generator signal...
2026-04-22 10:13:00,202 - [INFO] - [WAIT] No marker found, waiting for generator signal...
2026-04-22 10:13:01,203 - [INFO] - [WAIT] No marker found, waiting for generator signal...
2026-04-22 10:13:02,203 - [INFO] - [WAIT] No marker found, waiting for generator signal...
2026-04-22 10:13:03,203 - [INFO] - [WAIT] No marker found, waiting for generator signal...
2026-04-22 10:13:04,204 - [INFO] - [WAIT] No marker found, waiting for generator signal...
2026-04-22 10:13:05,204 - [INFO] - [WAIT] No marker found, waiting for generator signal...
2026-04-22 10:13:06,204 - [INFO] - [WAIT] No marker found, waiting for generator signal...
2026-04-22 10:13:07,205 - [INFO] - [WAIT] No marker found, waiting for generator signal...
2026-04-22 10:13:08,205 - [INFO] - [WAIT] No marker found, waiting for generator signal...
2026-04-22 10:13:09,205 - [INFO] - [WAIT] No marker found, waiting for generator signal...
2026-04-22 10:13:10,205 - [INFO] - [WAIT] No marker found, waiting for generator signal...
2026-04-22 10:13:11,206 - [INFO] - [WAIT] No marker found, waiting for generator signal...
2026-04-22 10:13:12,206 - [INFO] - [WAIT] No marker found, waiting for generator signal...
2026-04-22 10:13:13,206 - [INFO] - [WAIT] No marker found, waiting for generator signal...
2026-04-22 10:13:14,207 - [INFO] - [WAIT] No marker found, waiting for generator signal...
2026-04-22 10:13:15,207 - [INFO] - [WAIT] No marker found, waiting for generator signal...
2026-04-22 10:13:16,207 - [INFO] - [WAIT] No marker found, waiting for generator signal...
2026-04-22 10:13:17,208 - [INFO] - [WAIT] No marker found, waiting for generator signal...
2026-04-22 10:13:18,208 - [INFO] - [WAIT] No marker found, waiting for generator signal...
2026-04-22 10:13:19,208 - [INFO] - [WAIT] No marker found, waiting for generator signal...
2026-04-22 10:13:20,209 - [INFO] - [WAIT] No marker found, waiting for generator signal...
2026-04-22 10:13:21,209 - [INFO] - [WAIT] No marker found, waiting for generator signal...
2026-04-22 10:13:22,209 - [INFO] - [WAIT] No marker found, waiting for generator signal...
2026-04-22 10:13:23,212 - [INFO] - [WAIT] No marker found, waiting for generator signal...
2026-04-22 10:13:24,212 - [INFO] - [WAIT] No marker found, waiting for generator signal...
2026-04-22 10:13:25,212 - [INFO] - [WAIT] No marker found, waiting for generator signal...
2026-04-22 10:13:26,213 - [INFO] - [WAIT] No marker found, waiting for generator signal...
2026-04-22 10:13:27,213 - [INFO] - [WAIT] No marker found, waiting for generator signal...
2026-04-22 10:13:28,213 - [INFO] - [WAIT] No marker found, waiting for generator signal...
2026-04-22 10:13:29,214 - [INFO] - [WAIT] No marker found, waiting for generator signal...
2026-04-22 10:13:30,214 - [INFO] - [WAIT] No marker found, waiting for generator signal...
2026-04-22 10:13:31,215 - [INFO] - [WAIT] No marker found, waiting for generator signal...
2026-04-22 10:13:32,216 - [INFO] - [WAIT] No marker found, waiting for generator signal...
2026-04-22 10:13:33,216 - [INFO] - [WAIT] No marker found, waiting for generator signal...
2026-04-22 10:13:34,217 - [INFO] - [WAIT] No marker found, waiting for generator signal...
2026-04-22 10:13:35,217 - [INFO] - [WAIT] No marker found, waiting for generator signal...
2026-04-22 10:13:36,217 - [INFO] - [WAIT] No marker found, waiting for generator signal...
2026-04-22 10:13:37,218 - [INFO] - [WAIT] No marker found, waiting for generator signal...
2026-04-22 10:13:38,218 - [INFO] - [WAIT] No marker found, waiting for generator signal...
2026-04-22 10:13:39,218 - [INFO] - [WAIT] No marker found, waiting for generator signal...
2026-04-22 10:13:40,218 - [INFO] - [WAIT] No marker found, waiting for generator signal...
2026-04-22 10:13:41,219 - [INFO] - [WAIT] No marker found, waiting for generator signal...
2026-04-22 10:13:42,219 - [INFO] - [WAIT] No marker found, waiting for generator signal...
2026-04-22 10:13:43,219 - [INFO] - [WAIT] No marker found, waiting for generator signal...
2026-04-22 10:13:44,220 - [INFO] - [WAIT] No marker found, waiting for generator signal...
2026-04-22 10:13:45,220 - [INFO] - [WAIT] No marker found, waiting for generator signal...
2026-04-22 10:13:46,220 - [INFO] - [WAIT] No marker found, waiting for generator signal...
2026-04-22 10:13:47,221 - [INFO] - [WAIT] No marker found, waiting for generator signal...
2026-04-22 10:13:48,221 - [INFO] - [WAIT] No marker found, waiting for generator signal...
2026-04-22 10:13:49,221 - [INFO] - [WAIT] No marker found, waiting for generator signal...
2026-04-22 10:13:50,222 - [INFO] - [WAIT] No marker found, waiting for generator signal...
2026-04-22 10:13:51,222 - [INFO] - [WAIT] No marker found, waiting for generator signal...
2026-04-22 10:13:52,222 - [INFO] - [WAIT] No marker found, waiting for generator signal...
2026-04-22 10:13:53,223 - [INFO] - [WAIT] No marker found, waiting for generator signal...
2026-04-22 10:13:54,223 - [INFO] - [WAIT] No marker found, waiting for generator signal...
2026-04-22 10:13:55,223 - [INFO] - [WAIT] No marker found, waiting for generator signal...
2026-04-22 10:13:56,224 - [INFO] - [WAIT] No marker found, waiting for generator signal...
2026-04-22 10:13:57,224 - [INFO] - [WAIT] No marker found, waiting for generator signal...
2026-04-22 10:13:58,224 - [INFO] - [WAIT] No marker found, waiting for generator signal...
2026-04-22 10:13:59,225 - [INFO] - [WAIT] No marker found, waiting for generator signal...
2026-04-22 10:14:00,225 - [INFO] - [WAIT] No marker found, waiting for generator signal...
2026-04-22 10:14:01,225 - [INFO] - [WAIT] No marker found, waiting for generator signal...
2026-04-22 10:14:02,226 - [INFO] - [WAIT] No marker found, waiting for generator signal...
2026-04-22 10:14:03,226 - [INFO] - [WAIT] No marker found, waiting for generator signal...
2026-04-22 10:14:04,227 - [INFO] - [WAIT] No marker found, waiting for generator signal...
2026-04-22 10:14:05,227 - [INFO] - [WAIT] No marker found, waiting for generator signal...
2026-04-22 10:14:06,227 - [INFO] - [WAIT] No marker found, waiting for generator signal...
2026-04-22 10:14:07,228 - [INFO] - [WAIT] No marker found, waiting for generator signal...
2026-04-22 10:14:08,228 - [INFO] - [WAIT] No marker found, waiting for generator signal...
2026-04-22 10:14:09,228 - [INFO] - [WAIT] No marker found, waiting for generator signal...
2026-04-22 10:14:10,228 - [INFO] - [WAIT] No marker found, waiting for generator signal...
2026-04-22 10:14:11,229 - [INFO] - [WAIT] No marker found, waiting for generator signal...
2026-04-22 10:14:12,229 - [INFO] - [WAIT] No marker found, waiting for generator signal...
2026-04-22 10:14:13,230 - [INFO] - [WAIT] No marker found, waiting for generator signal...
2026-04-22 10:14:14,230 - [INFO] - [WAIT] No marker found, waiting for generator signal...
2026-04-22 10:14:15,231 - [INFO] - [WAIT] No marker found, waiting for generator signal...
2026-04-22 10:14:16,231 - [INFO] - [WAIT] No marker found, waiting for generator signal...
2026-04-22 10:14:17,232 - [INFO] - [WAIT] No marker found, waiting for generator signal...
2026-04-22 10:14:18,232 - [INFO] - [WAIT] No marker found, waiting for generator signal...
2026-04-22 10:14:19,232 - [INFO] - [WAIT] No marker found, waiting for generator signal...
2026-04-22 10:14:20,233 - [INFO] - [WAIT] No marker found, waiting for generator signal...
2026-04-22 10:14:21,233 - [INFO] - [WAIT] No marker found, waiting for generator signal...
2026-04-22 10:14:22,233 - [INFO] - [WAIT] No marker found, waiting for generator signal...
2026-04-22 10:14:23,233 - [INFO] - [WAIT] No marker found, waiting for generator signal...
2026-04-22 10:14:24,234 - [INFO] - [WAIT] No marker found, waiting for generator signal...
2026-04-22 10:14:25,234 - [INFO] - [WAIT] No marker found, waiting for generator signal...
2026-04-22 10:14:26,234 - [INFO] - [WAIT] No marker found, waiting for generator signal...
2026-04-22 10:14:27,235 - [INFO] - [WAIT] No marker found, waiting for generator signal...
2026-04-22 10:14:28,235 - [INFO] - [WAIT] No marker found, waiting for generator signal...
2026-04-22 10:14:29,236 - [INFO] - [WAIT] No marker found, waiting for generator signal...
2026-04-22 10:14:30,236 - [INFO] - [WAIT] No marker found, waiting for generator signal...
2026-04-22 10:14:31,236 - [INFO] - [WAIT] No marker found, waiting for generator signal...
2026-04-22 10:14:32,237 - [INFO] - [WAIT] No marker found, waiting for generator signal...
2026-04-22 10:14:33,237 - [INFO] - [WAIT] No marker found, waiting for generator signal...
2026-04-22 10:14:34,237 - [INFO] - [WAIT] No marker found, waiting for generator signal...
2026-04-22 10:14:35,238 - [INFO] - [WAIT] No marker found, waiting for generator signal...
2026-04-22 10:14:36,238 - [INFO] - [WAIT] No marker found, waiting for generator signal...
2026-04-22 10:14:37,238 - [INFO] - [WAIT] No marker found, waiting for generator signal...
2026-04-22 10:14:38,239 - [INFO] - [WAIT] No marker found, waiting for generator signal...
2026-04-22 10:14:39,239 - [INFO] - [WAIT] No marker found, waiting for generator signal...
2026-04-22 10:14:40,239 - [INFO] - [WAIT] No marker found, waiting for generator signal...
2026-04-22 10:14:41,240 - [INFO] - [WAIT] No marker found, waiting for generator signal...
2026-04-22 10:14:42,240 - [INFO] - [WAIT] No marker found, waiting for generator signal...
2026-04-22 10:14:43,240 - [INFO] - [WAIT] No marker found, waiting for generator signal...
2026-04-22 10:14:44,241 - [INFO] - [WAIT] No marker found, waiting for generator signal...
2026-04-22 10:14:45,241 - [INFO] - [WAIT] No marker found, waiting for generator signal...
2026-04-22 10:14:46,241 - [INFO] - [WAIT] No marker found, waiting for generator signal...
2026-04-22 10:14:47,242 - [INFO] - [WAIT] No marker found, waiting for generator signal...
2026-04-22 10:14:48,242 - [INFO] - [WAIT] No marker found, waiting for generator signal...
2026-04-22 10:14:49,242 - [INFO] - [WAIT] No marker found, waiting for generator signal...
2026-04-22 10:14:50,243 - [INFO] - [WAIT] No marker found, waiting for generator signal...
2026-04-22 10:14:51,243 - [INFO] - [WAIT] No marker found, waiting for generator signal...
2026-04-22 10:14:52,243 - [INFO] - [WAIT] No marker found, waiting for generator signal...
2026-04-22 10:14:53,244 - [INFO] - [WAIT] No marker found, waiting for generator signal...
2026-04-22 10:14:54,244 - [INFO] - [WAIT] No marker found, waiting for generator signal...
2026-04-22 10:14:55,244 - [INFO] - [WAIT] No marker found, waiting for generator signal...
2026-04-22 10:14:56,245 - [INFO] - [WAIT] No marker found, waiting for generator signal...
2026-04-22 10:14:57,245 - [INFO] - [WAIT] No marker found, waiting for generator signal...
2026-04-22 10:14:58,245 - [INFO] - [WAIT] No marker found, waiting for generator signal...
2026-04-22 10:14:59,246 - [INFO] - [WAIT] No marker found, waiting for generator signal...
2026-04-22 10:15:00,246 - [INFO] - [WAIT] No marker found, waiting for generator signal...
2026-04-22 10:15:01,247 - [INFO] - [WAIT] No marker found, waiting for generator signal...
2026-04-22 10:15:02,247 - [INFO] - [WAIT] No marker found, waiting for generator signal...
2026-04-22 10:15:03,247 - [INFO] - [WAIT] No marker found, waiting for generator signal...
2026-04-22 10:15:04,248 - [INFO] - [WAIT] No marker found, waiting for generator signal...
2026-04-22 10:15:05,248 - [INFO] - [WAIT] No marker found, waiting for generator signal...
2026-04-22 10:15:06,248 - [INFO] - [WAIT] No marker found, waiting for generator signal...
2026-04-22 10:15:07,249 - [INFO] - [WAIT] No marker found, waiting for generator signal...
2026-04-22 10:15:08,249 - [INFO] - [WAIT] No marker found, waiting for generator signal...
2026-04-22 10:15:09,249 - [INFO] - [WAIT] No marker found, waiting for generator signal...
2026-04-22 10:15:10,250 - [INFO] - [WAIT] No marker found, waiting for generator signal...
2026-04-22 10:15:11,250 - [INFO] - [WAIT] No marker found, waiting for generator signal...
2026-04-22 10:15:12,250 - [INFO] - [WAIT] No marker found, waiting for generator signal...
2026-04-22 10:15:13,251 - [INFO] - [WAIT] No marker found, waiting for generator signal...
2026-04-22 10:15:14,251 - [INFO] - [WAIT] No marker found, waiting for generator signal...
2026-04-22 10:15:15,251 - [INFO] - [WAIT] No marker found, waiting for generator signal...
2026-04-22 10:15:16,252 - [INFO] - [WAIT] No marker found, waiting for generator signal...
2026-04-22 10:15:17,252 - [INFO] - [WAIT] No marker found, waiting for generator signal...
2026-04-22 10:15:18,252 - [INFO] - [WAIT] No marker found, waiting for generator signal...
2026-04-22 10:15:19,253 - [INFO] - [WAIT] No marker found, waiting for generator signal...
2026-04-22 10:15:20,253 - [INFO] - [WAIT] No marker found, waiting for generator signal...
2026-04-22 10:15:21,253 - [INFO] - [WAIT] No marker found, waiting for generator signal...
2026-04-22 10:15:22,254 - [INFO] - [WAIT] No marker found, waiting for generator signal...
2026-04-22 10:15:23,254 - [INFO] - [WAIT] No marker found, waiting for generator signal...
2026-04-22 10:15:24,254 - [INFO] - [WAIT] No marker found, waiting for generator signal...
2026-04-22 10:15:25,255 - [INFO] - [WAIT] No marker found, waiting for generator signal...
2026-04-22 10:15:26,255 - [INFO] - [WAIT] No marker found, waiting for generator signal...
2026-04-22 10:15:27,255 - [INFO] - [WAIT] No marker found, waiting for generator signal...
2026-04-22 10:15:28,256 - [INFO] - [WAIT] No marker found, waiting for generator signal...
2026-04-22 10:15:29,256 - [INFO] - [WAIT] No marker found, waiting for generator signal...
2026-04-22 10:15:30,256 - [INFO] - [WAIT] No marker found, waiting for generator signal...
2026-04-22 10:15:31,257 - [INFO] - [WAIT] No marker found, waiting for generator signal...
2026-04-22 10:15:32,257 - [INFO] - [WAIT] No marker found, waiting for generator signal...
2026-04-22 10:15:33,257 - [INFO] - [WAIT] No marker found, waiting for generator signal...
2026-04-22 10:15:34,258 - [INFO] - [WAIT] No marker found, waiting for generator signal...
2026-04-22 10:15:35,258 - [INFO] - [WAIT] No marker found, waiting for generator signal...
2026-04-22 10:15:36,258 - [INFO] - [WAIT] No marker found, waiting for generator signal...
2026-04-22 10:15:37,258 - [INFO] - [WAIT] No marker found, waiting for generator signal...
2026-04-22 10:15:38,259 - [INFO] - [WAIT] No marker found, waiting for generator signal...
2026-04-22 10:29:50,304 - [INFO] - ======================================================================
2026-04-22 10:29:50,304 - [INFO] - 🚀 BatPack v2.0 - AI v2 Data Collection Engine
2026-04-22 10:29:50,304 - [INFO] - ======================================================================
2026-04-22 10:29:50,304 - [INFO] - [CONFIG] IFACE: auto-detect
2026-04-22 10:29:50,305 - [INFO] - [CONFIG] Output FIFOs: /home/tgf/Documents/DoAn_SDN/ai/zeek_stream.json + /home/tgf/Documents/DoAn_SDN/ai/zeek_stream_slowloris.json
2026-04-22 10:29:50,305 - [INFO] - [CONFIG] Batch size: 50, Interval: 1.0s
2026-04-22 10:29:50,305 - [INFO] - [IFACE] Auto-detected optimal: s6-eth1
2026-04-22 10:29:50,305 - [INFO] - [ENGINE] BatPack v2 engine initialized
2026-04-22 10:29:50,305 - [INFO] - [WAIT] No marker found, waiting for generator signal...
2026-04-22 10:29:51,305 - [INFO] - [WAIT] No marker found, waiting for generator signal...
2026-04-22 10:29:52,306 - [INFO] - [WAIT] No marker found, waiting for generator signal...
2026-04-22 10:29:53,306 - [INFO] - [WAIT] No marker found, waiting for generator signal...
2026-04-22 10:29:54,306 - [INFO] - [WAIT] No marker found, waiting for generator signal...
2026-04-22 10:29:55,307 - [INFO] - [WAIT] No marker found, waiting for generator signal...
2026-04-22 10:29:56,307 - [INFO] - [WAIT] No marker found, waiting for generator signal...
2026-04-22 10:29:57,307 - [INFO] - [WAIT] No marker found, waiting for generator signal...
2026-04-22 10:29:58,308 - [INFO] - [WAIT] No marker found, waiting for generator signal...
2026-04-22 10:29:59,308 - [INFO] - [WAIT] No marker found, waiting for generator signal...
2026-04-22 10:30:00,308 - [INFO] - [WAIT] No marker found, waiting for generator signal...
2026-04-22 10:30:01,308 - [INFO] - [WAIT] No marker found, waiting for generator signal...
2026-04-22 10:30:02,309 - [INFO] - [WAIT] No marker found, waiting for generator signal...
2026-04-22 10:30:03,309 - [INFO] - [WAIT] No marker found, waiting for generator signal...
2026-04-22 10:30:04,309 - [INFO] - [WAIT] No marker found, waiting for generator signal...
2026-04-22 10:30:05,310 - [INFO] - [WAIT] No marker found, waiting for generator signal...
2026-04-22 10:30:06,310 - [INFO] - [WAIT] No marker found, waiting for generator signal...
2026-04-22 10:30:07,310 - [INFO] - [WAIT] No marker found, waiting for generator signal...
2026-04-22 10:30:08,311 - [INFO] - [WAIT] No marker found, waiting for generator signal...
2026-04-22 10:30:09,311 - [INFO] - [WAIT] No marker found, waiting for generator signal...
2026-04-22 10:30:10,311 - [INFO] - [WAIT] No marker found, waiting for generator signal...
2026-04-22 10:30:11,312 - [INFO] - [WAIT] No marker found, waiting for generator signal...
2026-04-22 10:30:12,312 - [INFO] - [WAIT] No marker found, waiting for generator signal...
2026-04-22 10:30:13,312 - [INFO] - [WAIT] No marker found, waiting for generator signal...
2026-04-22 10:30:14,313 - [INFO] - [WAIT] No marker found, waiting for generator signal...
2026-04-22 10:30:15,313 - [INFO] - [WAIT] No marker found, waiting for generator signal...
2026-04-22 10:30:16,313 - [INFO] - [WAIT] No marker found, waiting for generator signal...
2026-04-22 10:30:17,314 - [INFO] - [WAIT] No marker found, waiting for generator signal...
2026-04-22 10:30:18,314 - [INFO] - [WAIT] No marker found, waiting for generator signal...
2026-04-22 10:30:19,314 - [INFO] - [WAIT] No marker found, waiting for generator signal...
2026-04-22 10:30:20,315 - [INFO] - [WAIT] No marker found, waiting for generator signal...
2026-04-22 10:30:21,315 - [INFO] - [WAIT] No marker found, waiting for generator signal...
2026-04-22 10:30:22,316 - [INFO] - [WAIT] No marker found, waiting for generator signal...
2026-04-22 10:30:23,316 - [INFO] - [WAIT] No marker found, waiting for generator signal...
2026-04-22 10:30:24,316 - [INFO] - [WAIT] No marker found, waiting for generator signal...
2026-04-22 10:30:25,317 - [INFO] - [WAIT] No marker found, waiting for generator signal...
2026-04-22 10:30:26,317 - [INFO] - [WAIT] No marker found, waiting for generator signal...
2026-04-22 10:30:27,317 - [INFO] - [WAIT] No marker found, waiting for generator signal...
2026-04-22 10:30:28,317 - [INFO] - [WAIT] No marker found, waiting for generator signal...
2026-04-22 10:30:29,318 - [INFO] - [WAIT] No marker found, waiting for generator signal...
2026-04-22 10:30:30,318 - [INFO] - [WAIT] No marker found, waiting for generator signal...
2026-04-22 10:30:31,318 - [INFO] - [WAIT] No marker found, waiting for generator signal...
2026-04-22 10:30:32,319 - [INFO] - [WAIT] No marker found, waiting for generator signal...
2026-04-22 10:30:33,319 - [INFO] - [WAIT] No marker found, waiting for generator signal...
2026-04-22 10:30:34,319 - [INFO] - [WAIT] No marker found, waiting for generator signal...
2026-04-22 10:30:35,320 - [INFO] - [WAIT] No marker found, waiting for generator signal...
2026-04-22 10:30:36,320 - [INFO] - [WAIT] No marker found, waiting for generator signal...
2026-04-22 10:30:37,320 - [INFO] - [WAIT] No marker found, waiting for generator signal...
2026-04-22 10:30:38,321 - [INFO] - [WAIT] No marker found, waiting for generator signal...
2026-04-22 10:30:39,321 - [INFO] - [WAIT] No marker found, waiting for generator signal...
2026-04-22 10:30:40,321 - [INFO] - [WAIT] No marker found, waiting for generator signal...
2026-04-22 10:30:41,322 - [INFO] - [WAIT] No marker found, waiting for generator signal...
2026-04-22 10:30:42,322 - [INFO] - [WAIT] No marker found, waiting for generator signal...
2026-04-22 10:30:43,322 - [INFO] - [WAIT] No marker found, waiting for generator signal...
2026-04-22 10:30:44,323 - [INFO] - [WAIT] No marker found, waiting for generator signal...
2026-04-22 10:30:45,323 - [INFO] - [WAIT] No marker found, waiting for generator signal...
2026-04-22 10:30:46,323 - [INFO] - [WAIT] No marker found, waiting for generator signal...
2026-04-22 10:30:47,324 - [INFO] - [WAIT] No marker found, waiting for generator signal...
2026-04-22 10:30:48,324 - [INFO] - [WAIT] No marker found, waiting for generator signal...
2026-04-22 10:30:49,324 - [INFO] - [WAIT] No marker found, waiting for generator signal...
2026-04-22 10:30:50,324 - [INFO] - [WAIT] No marker found, waiting for generator signal...
2026-04-22 10:30:51,325 - [INFO] - [WAIT] No marker found, waiting for generator signal...
2026-04-22 10:30:52,325 - [INFO] - [WAIT] No marker found, waiting for generator signal...
2026-04-22 10:30:53,325 - [INFO] - [WAIT] No marker found, waiting for generator signal...
2026-04-22 10:30:54,326 - [INFO] - [WAIT] No marker found, waiting for generator signal...
2026-04-22 10:30:55,326 - [INFO] - [WAIT] No marker found, waiting for generator signal...
2026-04-22 10:30:56,326 - [INFO] - [WAIT] No marker found, waiting for generator signal...
2026-04-22 10:30:57,326 - [INFO] - [WAIT] No marker found, waiting for generator signal...
2026-04-22 10:30:58,327 - [INFO] - [WAIT] No marker found, waiting for generator signal...
2026-04-22 10:30:59,327 - [INFO] - [WAIT] No marker found, waiting for generator signal...
2026-04-22 10:31:00,327 - [INFO] - [WAIT] No marker found, waiting for generator signal...
2026-04-22 10:31:01,328 - [INFO] - [WAIT] No marker found, waiting for generator signal...
2026-04-22 10:31:02,328 - [INFO] - [WAIT] No marker found, waiting for generator signal...
2026-04-22 10:31:03,328 - [INFO] - [WAIT] No marker found, waiting for generator signal...
2026-04-22 10:31:04,328 - [INFO] - [WAIT] No marker found, waiting for generator signal...
2026-04-22 10:31:05,329 - [INFO] - [WAIT] No marker found, waiting for generator signal...
2026-04-22 10:31:06,329 - [INFO] - [WAIT] No marker found, waiting for generator signal...
2026-04-22 10:31:07,329 - [INFO] - [WAIT] No marker found, waiting for generator signal...
2026-04-22 10:31:08,330 - [INFO] - [WAIT] No marker found, waiting for generator signal...
2026-04-22 10:31:09,330 - [INFO] - [WAIT] No marker found, waiting for generator signal...
2026-04-22 10:31:10,330 - [INFO] - [WAIT] No marker found, waiting for generator signal...
2026-04-22 10:31:11,330 - [INFO] - [WAIT] No marker found, waiting for generator signal...
2026-04-22 10:31:12,331 - [INFO] - [WAIT] No marker found, waiting for generator signal...
2026-04-22 10:31:13,331 - [INFO] - [WAIT] No marker found, waiting for generator signal...
2026-04-22 10:31:14,331 - [INFO] - [WAIT] No marker found, waiting for generator signal...
2026-04-22 10:31:15,332 - [INFO] - [WAIT] No marker found, waiting for generator signal...
2026-04-22 10:31:16,332 - [INFO] - [WAIT] No marker found, waiting for generator signal...
2026-04-22 10:31:17,332 - [INFO] - [WAIT] No marker found, waiting for generator signal...
2026-04-22 10:31:18,332 - [INFO] - [WAIT] No marker found, waiting for generator signal...
2026-04-22 10:31:19,333 - [INFO] - [WAIT] No marker found, waiting for generator signal...
2026-04-22 10:31:20,333 - [INFO] - [WAIT] No marker found, waiting for generator signal...
2026-04-22 10:31:21,333 - [INFO] - [WAIT] No marker found, waiting for generator signal...
2026-04-22 10:31:22,334 - [INFO] - [WAIT] No marker found, waiting for generator signal...
2026-04-22 10:31:23,334 - [INFO] - [WAIT] No marker found, waiting for generator signal...
2026-04-22 10:31:24,334 - [INFO] - [WAIT] No marker found, waiting for generator signal...
2026-04-22 10:31:25,334 - [INFO] - [WAIT] No marker found, waiting for generator signal...
2026-04-22 10:31:26,335 - [INFO] - [WAIT] No marker found, waiting for generator signal...
2026-04-22 10:31:27,335 - [INFO] - [WAIT] No marker found, waiting for generator signal...
2026-04-22 10:31:28,335 - [INFO] - [WAIT] No marker found, waiting for generator signal...
2026-04-22 10:31:29,336 - [INFO] - [WAIT] No marker found, waiting for generator signal...
2026-04-22 10:31:30,336 - [INFO] - [WAIT] No marker found, waiting for generator signal...
2026-04-22 10:31:31,336 - [INFO] - [WAIT] No marker found, waiting for generator signal...
2026-04-22 10:31:32,337 - [INFO] - [WAIT] No marker found, waiting for generator signal...
2026-04-22 10:31:33,337 - [INFO] - [WAIT] No marker found, waiting for generator signal...
2026-04-22 10:31:34,337 - [INFO] - [WAIT] No marker found, waiting for generator signal...
2026-04-22 10:31:35,338 - [INFO] - [WAIT] No marker found, waiting for generator signal...
2026-04-22 10:31:36,338 - [INFO] - [WAIT] No marker found, waiting for generator signal...
2026-04-22 10:31:37,338 - [INFO] - [WAIT] No marker found, waiting for generator signal...
2026-04-22 10:31:38,339 - [INFO] - [WAIT] No marker found, waiting for generator signal...
2026-04-22 10:31:39,339 - [INFO] - [WAIT] No marker found, waiting for generator signal...
2026-04-22 10:31:40,339 - [INFO] - [WAIT] No marker found, waiting for generator signal...
2026-04-22 10:31:41,340 - [INFO] - [WAIT] No marker found, waiting for generator signal...
2026-04-22 10:31:42,340 - [INFO] - [WAIT] No marker found, waiting for generator signal...
2026-04-22 10:31:43,340 - [INFO] - [WAIT] No marker found, waiting for generator signal...
2026-04-22 10:31:44,341 - [INFO] - [WAIT] No marker found, waiting for generator signal...
2026-04-22 10:31:45,341 - [INFO] - [WAIT] No marker found, waiting for generator signal...
2026-04-22 10:31:46,341 - [INFO] - [WAIT] No marker found, waiting for generator signal...
2026-04-22 10:31:47,342 - [INFO] - [WAIT] No marker found, waiting for generator signal...
2026-04-22 10:31:48,342 - [INFO] - [WAIT] No marker found, waiting for generator signal...
2026-04-22 10:31:49,342 - [INFO] - [WAIT] No marker found, waiting for generator signal...
2026-04-22 10:31:50,343 - [INFO] - [WAIT] No marker found, waiting for generator signal...
2026-04-22 10:31:51,343 - [INFO] - [WAIT] No marker found, waiting for generator signal...
2026-04-22 10:31:52,343 - [INFO] - [WAIT] No marker found, waiting for generator signal...
2026-04-22 10:31:53,344 - [INFO] - [WAIT] No marker found, waiting for generator signal...
2026-04-22 10:31:54,344 - [INFO] - [WAIT] No marker found, waiting for generator signal...
2026-04-22 10:31:55,344 - [INFO] - [WAIT] No marker found, waiting for generator signal...
2026-04-22 10:31:56,345 - [INFO] - [WAIT] No marker found, waiting for generator signal...
2026-04-22 10:31:57,345 - [INFO] - [WAIT] No marker found, waiting for generator signal...
2026-04-22 10:31:58,345 - [INFO] - [WAIT] No marker found, waiting for generator signal...
2026-04-22 10:31:59,346 - [INFO] - [WAIT] No marker found, waiting for generator signal...
2026-04-22 10:32:00,346 - [INFO] - [WAIT] No marker found, waiting for generator signal...
2026-04-22 10:32:01,346 - [INFO] - [WAIT] No marker found, waiting for generator signal...
2026-04-22 10:32:02,346 - [INFO] - [WAIT] No marker found, waiting for generator signal...
2026-04-22 10:32:03,347 - [INFO] - [WAIT] No marker found, waiting for generator signal...
2026-04-22 10:32:04,347 - [INFO] - [WAIT] No marker found, waiting for generator signal...
2026-04-22 10:32:05,347 - [INFO] - [WAIT] No marker found, waiting for generator signal...
2026-04-22 10:32:06,348 - [INFO] - [WAIT] No marker found, waiting for generator signal...
2026-04-22 10:32:07,348 - [INFO] - [WAIT] No marker found, waiting for generator signal...
2026-04-22 10:32:08,348 - [INFO] - [WAIT] No marker found, waiting for generator signal...
2026-04-22 10:32:09,349 - [INFO] - [WAIT] No marker found, waiting for generator signal...
2026-04-22 10:32:10,349 - [INFO] - [WAIT] No marker found, waiting for generator signal...
2026-04-22 10:32:11,349 - [INFO] - [WAIT] No marker found, waiting for generator signal...
2026-04-22 10:32:12,350 - [INFO] - [WAIT] No marker found, waiting for generator signal...
2026-04-22 10:32:13,350 - [INFO] - [WAIT] No marker found, waiting for generator signal...
2026-04-22 10:32:14,350 - [INFO] - [WAIT] No marker found, waiting for generator signal...
2026-04-22 10:32:15,351 - [INFO] - [WAIT] No marker found, waiting for generator signal...
2026-04-22 10:32:16,351 - [INFO] - [WAIT] No marker found, waiting for generator signal...
2026-04-22 10:32:17,351 - [INFO] - [WAIT] No marker found, waiting for generator signal...
2026-04-22 10:32:18,352 - [INFO] - [WAIT] No marker found, waiting for generator signal...
2026-04-22 10:32:19,352 - [INFO] - [WAIT] No marker found, waiting for generator signal...
2026-04-22 10:32:20,353 - [INFO] - [WAIT] No marker found, waiting for generator signal...
2026-04-22 10:32:21,353 - [INFO] - [WAIT] No marker found, waiting for generator signal...
2026-04-22 10:32:22,353 - [INFO] - [WAIT] No marker found, waiting for generator signal...
2026-04-22 10:32:23,354 - [INFO] - [WAIT] No marker found, waiting for generator signal...
2026-04-22 10:32:24,354 - [INFO] - [WAIT] No marker found, waiting for generator signal...
2026-04-22 10:32:25,354 - [INFO] - [WAIT] No marker found, waiting for generator signal...
2026-04-22 10:32:26,355 - [INFO] - [WAIT] No marker found, waiting for generator signal...
2026-04-22 10:32:27,355 - [INFO] - [WAIT] No marker found, waiting for generator signal...
2026-04-22 10:32:28,355 - [INFO] - [WAIT] No marker found, waiting for generator signal...
2026-04-22 10:32:29,355 - [INFO] - [WAIT] No marker found, waiting for generator signal...
2026-04-22 10:32:30,356 - [INFO] - [WAIT] No marker found, waiting for generator signal...
2026-04-22 10:32:31,356 - [INFO] - [WAIT] No marker found, waiting for generator signal...
2026-04-22 10:32:32,356 - [INFO] - [WAIT] No marker found, waiting for generator signal...
2026-04-22 10:32:33,357 - [INFO] - [WAIT] No marker found, waiting for generator signal...
2026-04-22 10:32:34,357 - [INFO] - [WAIT] No marker found, waiting for generator signal...
2026-04-22 10:32:35,357 - [INFO] - [WAIT] No marker found, waiting for generator signal...
2026-04-22 10:32:36,358 - [INFO] - [WAIT] No marker found, waiting for generator signal...
2026-04-22 10:32:37,358 - [INFO] - [WAIT] No marker found, waiting for generator signal...
2026-04-22 10:32:38,358 - [INFO] - [WAIT] No marker found, waiting for generator signal...
2026-04-22 10:32:39,358 - [INFO] - [WAIT] No marker found, waiting for generator signal...
2026-04-22 10:32:40,359 - [INFO] - [WAIT] No marker found, waiting for generator signal...
2026-04-22 10:32:41,359 - [INFO] - [WAIT] No marker found, waiting for generator signal...
2026-04-22 10:32:42,360 - [INFO] - [WAIT] No marker found, waiting for generator signal...
2026-04-22 10:32:43,360 - [INFO] - [WAIT] No marker found, waiting for generator signal...
2026-04-22 10:32:44,360 - [INFO] - [WAIT] No marker found, waiting for generator signal...
2026-04-22 10:32:45,361 - [INFO] - [WAIT] No marker found, waiting for generator signal...
2026-04-22 10:32:46,361 - [INFO] - [WAIT] No marker found, waiting for generator signal...
2026-04-22 10:32:47,361 - [INFO] - [WAIT] No marker found, waiting for generator signal...
2026-04-22 10:32:48,361 - [INFO] - [WAIT] No marker found, waiting for generator signal...
2026-04-22 10:32:49,362 - [INFO] - [WAIT] No marker found, waiting for generator signal...
2026-04-22 10:32:50,362 - [INFO] - [WAIT] No marker found, waiting for generator signal...
2026-04-22 10:32:51,362 - [INFO] - [WAIT] No marker found, waiting for generator signal...
2026-04-22 10:32:52,363 - [INFO] - [WAIT] No marker found, waiting for generator signal...
2026-04-22 10:32:53,363 - [INFO] - [WAIT] No marker found, waiting for generator signal...
2026-04-22 10:32:54,363 - [INFO] - [WAIT] No marker found, waiting for generator signal...
2026-04-22 10:32:55,364 - [INFO] - [WAIT] No marker found, waiting for generator signal...
2026-04-22 10:32:56,364 - [INFO] - [WAIT] No marker found, waiting for generator signal...
2026-04-22 10:32:57,364 - [INFO] - [WAIT] No marker found, waiting for generator signal...
2026-04-22 10:32:58,365 - [INFO] - [WAIT] No marker found, waiting for generator signal...
2026-04-22 10:32:59,365 - [INFO] - [WAIT] No marker found, waiting for generator signal...
2026-04-22 10:33:00,365 - [INFO] - [WAIT] No marker found, waiting for generator signal...
2026-04-22 10:33:01,366 - [INFO] - [WAIT] No marker found, waiting for generator signal...
2026-04-22 10:33:02,366 - [INFO] - [WAIT] No marker found, waiting for generator signal...
2026-04-22 10:33:03,366 - [INFO] - [WAIT] No marker found, waiting for generator signal...
2026-04-22 10:33:04,367 - [INFO] - [WAIT] No marker found, waiting for generator signal...
2026-04-22 10:33:05,367 - [INFO] - [WAIT] No marker found, waiting for generator signal...
2026-04-22 10:33:06,367 - [INFO] - [WAIT] No marker found, waiting for generator signal...
2026-04-22 10:33:07,368 - [INFO] - [WAIT] No marker found, waiting for generator signal...
2026-04-22 10:33:08,368 - [INFO] - [WAIT] No marker found, waiting for generator signal...
2026-04-22 10:33:09,368 - [INFO] - [WAIT] No marker found, waiting for generator signal...
2026-04-22 10:33:10,369 - [INFO] - [WAIT] No marker found, waiting for generator signal...
2026-04-22 10:33:11,369 - [INFO] - [WAIT] No marker found, waiting for generator signal...
2026-04-22 10:33:12,369 - [INFO] - [WAIT] No marker found, waiting for generator signal...
2026-04-22 10:33:12,534 - [INFO] - 
[EXIT] Interrupted by user
2026-04-22 10:44:26,100 - [INFO] - ======================================================================
2026-04-22 10:44:26,101 - [INFO] - 🚀 BatPack v2.0 - AI v2 Data Collection Engine
2026-04-22 10:44:26,101 - [INFO] - ======================================================================
2026-04-22 10:44:26,101 - [INFO] - [CONFIG] IFACE: auto-detect
2026-04-22 10:44:26,101 - [INFO] - [CONFIG] Output FIFOs: /home/tgf/Documents/DoAn_SDN/ai/zeek_stream.json + /home/tgf/Documents/DoAn_SDN/ai/zeek_stream_slowloris.json
2026-04-22 10:44:26,101 - [INFO] - [CONFIG] Batch size: 50, Interval: 1.0s
2026-04-22 10:44:26,101 - [INFO] - [IFACE] Auto-detected optimal: s6-eth1
2026-04-22 10:44:26,101 - [INFO] - [ENGINE] BatPack v2 engine initialized
2026-04-22 10:44:26,101 - [INFO] - [MODE] Starting NORMAL/ATTACK phase capture
2026-04-22 10:44:26,101 - [INFO] - [FIFO] Output: /home/tgf/Documents/DoAn_SDN/ai/zeek_stream.json
2026-04-22 10:44:34,416 - [INFO] - [STREAM] Starting on interface: s6-eth1
2026-04-22 10:47:25,249 - [WARNING] - [FIFO] Pipe closed, waiting for reconnection...
2026-04-22 10:47:26,259 - [WARNING] - [FIFO] Pipe closed, waiting for reconnection...
2026-04-22 10:47:27,260 - [WARNING] - [FIFO] Pipe closed, waiting for reconnection...
2026-04-22 10:47:27,966 - [INFO] - 
[EXIT] Interrupted by user
2026-04-22 11:14:02,912 - [INFO] - ======================================================================
2026-04-22 11:14:02,913 - [INFO] - 🚀 BatPack v2.0 - AI v2 Data Collection Engine
2026-04-22 11:14:02,913 - [INFO] - ======================================================================
2026-04-22 11:14:02,913 - [INFO] - [CONFIG] IFACE: auto-detect
2026-04-22 11:14:02,913 - [INFO] - [CONFIG] Output FIFOs: /home/tgf/Documents/DoAn_SDN/ai/zeek_stream.json + /home/tgf/Documents/DoAn_SDN/ai/zeek_stream_slowloris.json
2026-04-22 11:14:02,913 - [INFO] - [CONFIG] Batch size: 50, Interval: 1.0s
2026-04-22 11:14:02,913 - [INFO] - [IFACE] Auto-detected optimal: s6-eth1
2026-04-22 11:14:02,913 - [INFO] - [ENGINE] BatPack v2 engine initialized
2026-04-22 11:14:02,913 - [INFO] - [MODE] Starting NORMAL/ATTACK phase capture
2026-04-22 11:14:02,913 - [INFO] - [FIFO] Output: /home/tgf/Documents/DoAn_SDN/ai/zeek_stream.json
2026-04-22 11:14:11,372 - [INFO] - [STREAM] Starting on interface: s6-eth1
2026-04-22 11:39:54,655 - [INFO] - [MODE] Starting NORMAL/ATTACK phase capture
2026-04-22 11:39:54,669 - [INFO] - [FIFO] Output: /home/tgf/Documents/DoAn_SDN/ai/zeek_stream.json
2026-04-22 11:39:57,687 - [INFO] - 
[EXIT] Interrupted by user
2026-04-22 11:44:08,808 - [INFO] - ======================================================================
2026-04-22 11:44:08,808 - [INFO] - 🚀 BatPack v2.0 - AI v2 Data Collection Engine
2026-04-22 11:44:08,808 - [INFO] - ======================================================================
2026-04-22 11:44:08,809 - [INFO] - [CONFIG] IFACE: auto-detect
2026-04-22 11:44:08,809 - [INFO] - [CONFIG] Output FIFOs: /home/tgf/Documents/DoAn_SDN/ai/zeek_stream.json + /home/tgf/Documents/DoAn_SDN/ai/zeek_stream_slowloris.json
2026-04-22 11:44:08,809 - [INFO] - [CONFIG] Batch size: 50, Interval: 1.0s
2026-04-22 11:44:08,809 - [INFO] - [IFACE] Auto-detected optimal: s6-eth1
2026-04-22 11:44:08,809 - [INFO] - [ENGINE] BatPack v2 engine initialized
2026-04-22 11:44:08,809 - [INFO] - [MODE] Starting NORMAL/ATTACK phase capture
2026-04-22 11:44:08,809 - [INFO] - [FIFO] Output: /home/tgf/Documents/DoAn_SDN/ai/zeek_stream.json
2026-04-22 11:44:16,978 - [INFO] - [STREAM] Starting on interface: s6-eth1
2026-04-22 11:55:40,307 - [INFO] - [STATS] Processed: 474000, Output: 474000
2026-04-22 11:59:24,804 - [WARNING] - [FIFO] Pipe closed, waiting for reconnection...
2026-04-22 11:59:25,817 - [WARNING] - [FIFO] Pipe closed, waiting for reconnection...
2026-04-22 11:59:26,818 - [WARNING] - [FIFO] Pipe closed, waiting for reconnection...
2026-04-22 11:59:27,818 - [WARNING] - [FIFO] Pipe closed, waiting for reconnection...
2026-04-22 11:59:28,819 - [WARNING] - [FIFO] Pipe closed, waiting for reconnection...
2026-04-22 11:59:29,820 - [WARNING] - [FIFO] Pipe closed, waiting for reconnection...
2026-04-22 11:59:30,821 - [WARNING] - [FIFO] Pipe closed, waiting for reconnection...
2026-04-22 11:59:31,822 - [WARNING] - [FIFO] Pipe closed, waiting for reconnection...
2026-04-22 11:59:32,823 - [WARNING] - [FIFO] Pipe closed, waiting for reconnection...
2026-04-22 11:59:33,823 - [WARNING] - [FIFO] Pipe closed, waiting for reconnection...
2026-04-22 11:59:34,824 - [WARNING] - [FIFO] Pipe closed, waiting for reconnection...
2026-04-22 15:05:03,108 - [INFO] - ======================================================================
2026-04-22 15:05:03,108 - [INFO] - 🚀 BatPack v2.0 - AI v2 Data Collection Engine
2026-04-22 15:05:03,109 - [INFO] - ======================================================================
2026-04-22 15:05:03,109 - [INFO] - [CONFIG] IFACE: auto-detect
2026-04-22 15:05:03,109 - [INFO] - [CONFIG] Output FIFOs: /home/tgf/Documents/DoAn_SDN/ai/zeek_stream.json + /home/tgf/Documents/DoAn_SDN/ai/zeek_stream_slowloris.json
2026-04-22 15:05:03,109 - [INFO] - [CONFIG] Batch size: 50, Interval: 1.0s
2026-04-22 15:05:03,109 - [INFO] - [IFACE] Auto-detected optimal: s6-eth1
2026-04-22 15:05:03,109 - [INFO] - [ENGINE] BatPack v2 engine initialized
2026-04-22 15:05:03,109 - [INFO] - [MODE] Starting NORMAL/ATTACK phase capture
2026-04-22 15:05:03,109 - [INFO] - [FIFO] Output: /home/tgf/Documents/DoAn_SDN/ai/zeek_stream.json
2026-04-22 15:05:16,314 - [INFO] - [STREAM] Starting on interface: s6-eth1
